Datum,Tijd,"Ingevuld in",Bron,"Een dier mag je best kleertjes aantrekken. Ook als het niet nodig is tegen bijvoorbeeld de kou. x helemaal eens","Een dier mag je best kleertjes aantrekken. Ook als het niet nodig is tegen bijvoorbeeld de kou. x beetje eens","Een dier mag je best kleertjes aantrekken. Ook als het niet nodig is tegen bijvoorbeeld de kou. x weet ik niet","Een dier mag je best kleertjes aantrekken. Ook als het niet nodig is tegen bijvoorbeeld de kou. x beetje oneens","Een dier mag je best kleertjes aantrekken. Ook als het niet nodig is tegen bijvoorbeeld de kou. x helemaal oneens","Mensen en hun huisdieren moeten allebei even gelukkig zijn. x helemaal eens","Mensen en hun huisdieren moeten allebei even gelukkig zijn. x beetje eens","Mensen en hun huisdieren moeten allebei even gelukkig zijn. x weet ik niet","Mensen en hun huisdieren moeten allebei even gelukkig zijn. x beetje oneens","Mensen en hun huisdieren moeten allebei even gelukkig zijn. x helemaal oneens","Het is leuk/een goed idee om iemand een dier cadeau te doen x helemaal eens","Het is leuk/een goed idee om iemand een dier cadeau te doen x beetje eens","Het is leuk/een goed idee om iemand een dier cadeau te doen x weet ik niet","Het is leuk/een goed idee om iemand een dier cadeau te doen x beetje oneens","Het is leuk/een goed idee om iemand een dier cadeau te doen x helemaal oneens","Iedereen heeft het recht een huisdier te hebben"
2023-04-14,10:10:03,00:00:33,"Directe link",Ja,Ja,Ja,Ja,Ja,Ja,Nee,Ja,Nee,Nee,Nee,Nee,Nee,Nee,Ja,Bhmhmgjkegbhg
2023-04-12,10:47:34,00:04:40,"Directe link",Nee,Nee,Nee,Ja,Nee,Ja,Nee,Nee,Nee,Nee,Nee,Ja,Nee,Ja,Nee,"Iedereen heeft er recht op maar niet iedereen mag het. Als je bijvoorbeeld je dier hebt mishandeld, mag het niet."
2023-04-11,10:11:12,00:01:46,"Directe link",Nee,Nee,Nee,Nee,Ja,Ja,Nee,Nee,Nee,Nee,Nee,Nee,Nee,Ja,Nee,"Wel, tenzij je er niet voor kunt zorgen."
2023-04-11,09:37:31,00:01:38,"Directe link",Nee,Nee,Nee,Nee,Ja,Ja,Nee,Nee,Nee,Nee,Nee,Nee,Nee,Ja,Nee,eens
2023-04-11,09:25:15,00:20:28,"Directe link",Nee,Ja,Nee,Nee,Nee,Ja,Nee,Nee,Nee,Nee,Nee,Nee,Ja,Nee,Nee,"Niet helemaal. je moet er wel goed voor kunnen zorgen en er goed mee om kunnen gaan."
2023-04-11,08:45:03,00:01:12,"Directe link",Nee,Nee,Nee,Nee,Ja,Ja,Nee,Nee,Nee,Nee,Nee,Nee,Ja,Nee,Nee,"ja, maar als je er niet voor kan zorgen neem dan geen huisdier."
2023-04-10,08:35:21,00:01:08,"Directe link",Nee,Nee,Ja,Nee,Nee,Ja,Nee,Nee,Nee,Nee,Ja,Nee,Nee,Nee,Nee,"ja maar je moet er wel voor kunnen zorgen waar"
2023-04-09,17:56:24,00:01:37,"Directe link",Nee,Ja,Nee,Nee,Nee,Ja,Nee,Nee,Nee,Nee,Nee,Ja,Nee,Nee,Nee,"ja maar wel als je er goed voor kan zorgen "
2023-04-07,20:12:04,00:00:41,"Directe link",Ja,Nee,Nee,Nee,Nee,Nee,Ja,Nee,Nee,Nee,Ja,Nee,Nee,Nee,Nee,"Ja inderdaad zonder huisdier geen plezier"
2023-04-07,16:31:50,00:01:39,"Directe link",Nee,Ja,Ja,Nee,Nee,Nee,Nee,Ja,Nee,Nee,Ja,Ja,Ja,Nee,Nee,"Ja, alleen het is niet zo dat iedereen een huisdier wilt."
2023-04-07,14:13:19,00:01:39,"Directe link",Nee,Nee,Nee,Ja,Nee,Ja,Nee,Nee,Nee,Nee,Ja,Nee,Nee,Nee,Nee,"ja klopt maar sommige geloven mag je een bepaald dier niet hebben en als je die geloof hebt moet je wel aan de regels houden"
2023-04-07,12:10:08,00:01:52,"Directe link",Nee,Nee,Ja,Nee,Nee,Nee,Ja,Nee,Nee,Nee,Ja,Nee,Nee,Nee,Nee,"Ja iedereen heeft het recht om een huisdier te hebben want het is je eigen keuze."
2023-04-07,12:09:37,00:00:21,"Directe link",Nee,Nee,Ja,Nee,Nee,Ja,Nee,Nee,Nee,Nee,Ja,Nee,Nee,Nee,Nee,ja!!
2023-04-07,12:07:38,00:01:18,"Directe link",Ja,Nee,Nee,Nee,Nee,Ja,Nee,Nee,Nee,Nee,Ja,Nee,Nee,Nee,Nee,ja
2023-04-07,11:58:29,00:01:43,"Directe link",Nee,Nee,Nee,Ja,Nee,Nee,Ja,Nee,Nee,Nee,Nee,Ja,Nee,Nee,Nee,"ja als ze er goed kunnen zorgen voor de huisdier"
2023-04-07,11:57:21,00:00:50,"Directe link",Ja,Nee,Nee,Nee,Nee,Ja,Nee,Nee,Nee,Nee,Nee,Ja,Nee,Nee,Nee,"mijn mening deze stelling is goed"
2023-04-07,11:10:23,00:00:48,"Directe link",Nee,Nee,Nee,Nee,Ja,Ja,Nee,Nee,Nee,Nee,Nee,Nee,Ja,Nee,Nee,"Denk 
"
2023-04-07,10:27:56,00:03:03,"Directe link",Nee,Nee,Nee,Nee,Ja,Ja,Nee,Nee,Nee,Nee,Nee,Nee,Nee,Ja,Nee,"Ja alleen als ze goed voor het dier kunnen zorgen."
2023-04-07,10:03:38,00:02:36,"Directe link",Nee,Nee,Nee,Ja,Nee,Ja,Nee,Nee,Nee,Nee,Nee,Nee,Nee,Ja,Nee,"zzzzzzzzzzzzzzzzzzzzzzeeeeeeeeeeeeeeeeeeeeeeeeeekkkkkkkkkkkkkkkkkkkkeeeeeeeeeeeeeeeeeerrrrrrrrrrrrrrrrrsssssssssssssssss als ze er wel goed voor zorgen"
2023-04-07,09:29:47,00:04:40,"Directe link",Nee,Nee,Nee,Nee,Ja,Ja,Nee,Nee,Nee,Nee,Nee,Nee,Nee,Ja,Ja,"Alleen als mensen er goed voor kunnen zorgen"
2023-04-07,09:18:33,00:11:13,"Directe link",Nee,Nee,Nee,Ja,Nee,Ja,Nee,Nee,Nee,Nee,Nee,Nee,Nee,Nee,Ja,"Ja maar als je niet goed voor je huisdier hebt gezorgd, mag je geen huisdieren meer hebben."
2023-04-07,09:09:52,00:01:01,"Directe link",Nee,Nee,Nee,Ja,Nee,Nee,Ja,Nee,Nee,Nee,Nee,Nee,Nee,Ja,Nee,"ja maar dan moet je het dier goed verzorgen"
2023-04-07,09:08:23,00:03:19,"Directe link",Nee,Ja,Nee,Nee,Nee,Ja,Nee,Nee,Nee,Nee,Nee,Nee,Nee,Ja,Nee,"het huisdier moet goed verzorgd zijn en zich fijn voelen."
2023-04-07,09:08:01,00:00:36,"Directe link",Nee,Nee,Nee,Nee,Ja,Ja,Nee,Nee,Nee,Nee,Nee,Ja,Nee,Nee,Nee,"als je over de leeftijd 9 jaar ben"
2023-04-07,09:07:56,00:02:54,"Directe link",Nee,Nee,Nee,Nee,Ja,Ja,Nee,Nee,Nee,Nee,Nee,Nee,Nee,Ja,Nee,"alsje geen tijd hebt mag het niet heb je wel tijd mag het wel"
2023-04-07,09:07:46,00:02:49,"Directe link",Nee,Nee,Nee,Ja,Nee,Ja,Nee,Nee,Nee,Nee,Nee,Ja,Nee,Nee,Nee," licht aan de mensen of zij dat willen niet en als ge geen hooikoorts krijgt"
2023-04-07,09:07:33,00:01:29,"Directe link",Nee,Nee,Nee,Nee,Ja,Nee,Nee,Nee,Nee,Ja,Nee,Nee,Ja,Nee,Nee,"om het huisdier naar buiten te laten"
2023-04-07,09:07:20,00:02:33,"Directe link",Nee,Nee,Nee,Nee,Ja,Ja,Nee,Nee,Nee,Nee,Nee,Ja,Nee,Nee,Nee,"ja alleen als je over de leeftijd 9 jaar bent"
2023-04-07,09:07:17,00:01:57,"Directe link",Nee,Nee,Nee,Nee,Ja,Nee,Nee,Ja,Nee,Nee,Ja,Nee,Nee,Nee,Nee,"nee maar als jij de hond niet kan uitlaten "
2023-04-07,09:06:58,00:01:38,"Directe link",Ja,Ja,Nee,Nee,Nee,Ja,Nee,Nee,Nee,Nee,Ja,Ja,Nee,Nee,Nee,"als zij het zelf willen dan kunnen ze het kopen
"
2023-04-07,09:06:56,00:01:30,"Directe link",Nee,Nee,Nee,Nee,Ja,Ja,Nee,Nee,Nee,Nee,Nee,Nee,Nee,Ja,Nee,"je moet er wel goed voor zorgen en het dier moet blij zijn"
2023-04-07,09:06:51,00:01:52,"Directe link",Nee,Nee,Nee,Ja,Nee,Ja,Nee,Nee,Nee,Nee,Nee,Nee,Ja,Nee,Nee,"het mag maar hoeft niet."
2023-04-07,09:06:47,00:01:55,"Directe link",Nee,Nee,Nee,Nee,Ja,Ja,Nee,Nee,Nee,Nee,Nee,Ja,Nee,Ja,Nee,"ja "
2023-04-07,09:06:44,00:01:19,"Directe link",Nee,Nee,Nee,Nee,Ja,Ja,Nee,Nee,Nee,Nee,Nee,Nee,Nee,Ja,Nee,"ja maar je moet er wel goed voor kunnen zorgen "
2023-04-07,09:06:43,00:01:34,"Directe link",Nee,Ja,Nee,Nee,Nee,Ja,Nee,Nee,Nee,Nee,Nee,Ja,Nee,Nee,Nee,"nee
"
2023-04-07,09:06:43,00:01:46,"Directe link",Nee,Nee,Nee,Ja,Nee,Ja,Nee,Nee,Nee,Nee,Nee,Ja,Nee,Nee,Nee,"ja dat is waar maar als je er niet voor zorgt dan moet je dat niet doen"
2023-04-07,09:06:42,00:01:43,"Directe link",Nee,Nee,Nee,Nee,Ja,Ja,Nee,Nee,Nee,Nee,Nee,Ja,Nee,Nee,Nee,nee
2023-04-07,09:06:39,00:00:10,"Directe link",Ja,Nee,Nee,Nee,Nee,Ja,Nee,Nee,Nee,Nee,Nee,Nee,Ja,Nee,Nee,nee
2023-04-07,09:06:38,00:01:34,"Directe link",Nee,Nee,Ja,Nee,Nee,Ja,Nee,Nee,Nee,Nee,Nee,Ja,Nee,Nee,Nee,"dat is waar"
2023-04-07,09:06:36,00:04:22,"Directe link",Nee,Nee,Nee,Nee,Ja,Ja,Nee,Nee,Nee,Nee,Nee,Nee,Nee,Ja,Nee,Nee
2023-04-07,09:06:35,00:01:31,"Directe link",Nee,Nee,Nee,Nee,Ja,Ja,Nee,Nee,Nee,Nee,Nee,Nee,Ja,Nee,Nee,"ja "
2023-04-07,09:06:33,00:01:35,"Directe link",Nee,Nee,Nee,Nee,Ja,Ja,Nee,Nee,Nee,Nee,Ja,Nee,Nee,Nee,Nee,nee
2023-04-07,09:06:31,00:01:23,"Directe link",Nee,Nee,Nee,Nee,Ja,Ja,Nee,Nee,Nee,Nee,Nee,Nee,Ja,Nee,Nee,ja
2023-04-07,09:06:23,00:01:34,"Directe link",Ja,Nee,Nee,Nee,Nee,Ja,Nee,Nee,Nee,Nee,Nee,Nee,Ja,Nee,Nee,eens
2023-04-07,09:06:09,00:01:03,"Directe link",Nee,Nee,Nee,Ja,Nee,Ja,Nee,Nee,Nee,Nee,Ja,Nee,Nee,Nee,Nee,tt
2023-04-07,09:05:47,00:00:25,"Directe link",Nee,Ja,Nee,Nee,Nee,Nee,Ja,Nee,Nee,Nee,Nee,Ja,Nee,Nee,Nee,ja
2023-04-07,08:54:09,00:07:04,"Directe link",Nee,Nee,Nee,Ja,Nee,Ja,Nee,Nee,Nee,Nee,Nee,Nee,Ja,Nee,Nee,"Als je goed voor dieren kunt zorgen heb je er recht op."
2023-04-07,08:45:08,00:04:30,"Directe link",Nee,Ja,Nee,Nee,Nee,Ja,Nee,Nee,Nee,Nee,Nee,Nee,Ja,Nee,Nee,"nee, als je er niet voor kan zorgen is het niet oke"
2023-04-06,19:18:01,00:01:25,"Directe link",Nee,Nee,Nee,Nee,Ja,Ja,Nee,Nee,Nee,Nee,Nee,Nee,Nee,Nee,Ja,Ja
2023-04-06,18:50:57,00:00:14,"Directe link",Nee,Nee,Nee,Nee,Ja,Nee,Nee,Nee,Nee,Ja,Nee,Nee,Nee,Nee,Ja,uh
2023-04-06,18:50:38,00:02:01,"Directe link",Nee,Nee,Ja,Nee,Nee,Ja,Nee,Nee,Nee,Nee,Ja,Nee,Nee,Nee,Nee,"iedereen is waar maar ze moeten er wel voor zorgen dat ze dat kunnen"
2023-04-06,17:26:14,00:01:46,"Directe link",Nee,Nee,Nee,Nee,Ja,Ja,Nee,Nee,Nee,Nee,Nee,Nee,Ja,Nee,Nee,"ja want het kan je helpen"
2023-04-06,17:21:12,00:02:08,"Directe link",Nee,Nee,Ja,Nee,Nee,Ja,Nee,Nee,Nee,Nee,Nee,Nee,Nee,Ja,Nee,"ja ik ben het er mee eens want het is belangrijk dat mensen zich dan ook blij gaan voelen maar als je het geld er niet voor hebt of je bent allergiesch is ook niet fijn"
2023-04-06,16:42:46,00:01:16,"Directe link",Nee,Ja,Nee,Nee,Nee,Ja,Nee,Nee,Nee,Nee,Nee,Ja,Nee,Nee,Nee,"ja maar als je er geen tijd voor hebt  niet en het geld er ook niet voor om eten te kopen zo ik beter geen huisdier kopen"
2023-04-06,16:27:51,00:02:06,"Directe link",Nee,Ja,Nee,Nee,Nee,Ja,Nee,Nee,Nee,Nee,Nee,Nee,Nee,Nee,Ja,"ja, iedereen heeft er recht op, maar je moet er wel goed voor zorgen anders moet het huisdier weg. Dat hadden wij ook, het was beter voor ons en de hond"
2023-04-06,16:22:33,00:02:01,"Directe link",Ja,Nee,Nee,Nee,Nee,Ja,Nee,Nee,Nee,Nee,Nee,Nee,Nee,Ja,Nee,ja
2023-04-06,14:32:36,00:01:01,"Directe link",Nee,Nee,Nee,Ja,Nee,Ja,Nee,Nee,Nee,Nee,Nee,Ja,Nee,Nee,Nee,"ja iedereen die goed met ze om gaat mag er van mij een"
2023-04-06,13:41:43,00:02:27,"Directe link",Nee,Nee,Nee,Nee,Ja,Ja,Nee,Nee,Nee,Nee,Ja,Nee,Nee,Nee,Nee,"Jahoor! Als je genoeg geld en tijd hebt om het te houden en goed te verzorgen"
2023-04-06,13:33:58,00:01:33,"Directe link",Nee,Nee,Ja,Nee,Nee,Ja,Nee,Nee,Nee,Nee,Nee,Ja,Nee,Nee,Nee,"Eens helemaal eens"
2023-04-06,13:33:10,00:03:24,"Directe link",Nee,Nee,Nee,Nee,Ja,Ja,Nee,Nee,Nee,Nee,Nee,Nee,Ja,Nee,Nee,"Ja want ze maken je gelukig!
üêπüê∞üôâ"
2023-04-06,13:30:48,00:01:11,"Directe link",Nee,Nee,Nee,Ja,Nee,Ja,Nee,Nee,Nee,Nee,Nee,Ja,Nee,Nee,Nee,nee
2023-04-06,13:28:02,00:01:07,"Directe link",Nee,Nee,Nee,Ja,Nee,Nee,Ja,Nee,Nee,Nee,Nee,Ja,Nee,Nee,Nee,"Ja maar het hoeft niet "
2023-04-06,13:27:51,00:01:28,"Directe link",Nee,Nee,Ja,Ja,Ja,Ja,Nee,Nee,Nee,Nee,Nee,Ja,Nee,Nee,Nee,"Ik hed geen hius dier üò≠üò≠üò≠üò≠üòÅüò≠"
2023-04-06,13:23:10,00:01:49,"Directe link",Nee,Nee,Nee,Ja,Nee,Ja,Nee,Nee,Nee,Nee,Nee,Nee,Ja,Nee,Nee,"Ja iedereen als die het wild
"
2023-04-06,13:22:21,00:01:22,"Directe link",Nee,Nee,Nee,Ja,Nee,Ja,Nee,Nee,Nee,Nee,Ja,Nee,Nee,Nee,Nee,"ja wel want het is leuk en gezellig en dan kunnen arme mensen 
ook een huisdier hebben"
2023-04-06,13:20:27,00:01:15,"Directe link",Nee,Nee,Ja,Nee,Nee,Ja,Nee,Nee,Nee,Nee,Nee,Nee,Nee,Ja,Ja,"Ja echt wel het geeft vreugde in je huis of op stratüêïüêàü¶Æüïä"
2023-04-06,13:17:18,00:05:21,"Directe link",Nee,Nee,Nee,Ja,Nee,Ja,Nee,Nee,Nee,Nee,Nee,Nee,Nee,Ja,Nee,"ik vint het goet de halven   alen  in een te  klijn hok en als ze  geen eten krijgen"
2023-04-06,13:17:02,00:05:06,"Directe link",Nee,Nee,Nee,Ja,Nee,Ja,Nee,Nee,Nee,Nee,Nee,Ja,Nee,Nee,Nee,"mee eens, tegen eenzaamheid, mensen worden er gelukkig van"
2023-04-06,13:15:46,00:04:06,"Directe link",Nee,Nee,Nee,Nee,Ja,Ja,Nee,Nee,Nee,Nee,Ja,Nee,Nee,Nee,Nee,"Tuurlijk waarom niet? Want iedereen die een huisdier wil mag dat want het is heel stom als je geen huisdier mag hebben.

En het is wel heel oneerlijk als je geen huisdier mag en wij wel!"
2023-04-06,13:13:00,00:01:39,"Directe link",Nee,Nee,Ja,Ja,Nee,Ja,Nee,Nee,Nee,Nee,Nee,Ja,Nee,Nee,Nee,"ja als hij het goed heeft bij die genen"
2023-04-06,13:12:37,00:01:02,"Directe link",Nee,Ja,Nee,Nee,Nee,Ja,Nee,Nee,Nee,Nee,Ja,Nee,Nee,Nee,Nee,"ja inderdaad"
2023-04-06,13:03:56,00:02:12,"Directe link",Nee,Nee,Ja,Nee,Nee,Ja,Nee,Nee,Nee,Nee,Ja,Nee,Nee,Nee,Nee,"het is leuk om een huisdier te hebe
"
2023-04-06,13:00:46,00:00:56,"Directe link",Nee,Nee,Nee,Ja,Ja,Ja,Nee,Nee,Nee,Nee,Nee,Ja,Nee,Nee,Nee,"vind ik wel"
2023-04-06,13:00:26,00:00:41,"Directe link",Nee,Nee,Nee,Ja,Nee,Ja,Nee,Nee,Nee,Nee,Nee,Ja,Nee,Ja,Nee,"Nee denk het nie"
2023-04-06,12:56:56,00:01:23,"Directe link",Nee,Nee,Nee,Nee,Ja,Ja,Nee,Nee,Nee,Nee,Nee,Ja,Nee,Nee,Nee,"ja als ze er voor kunnen zorgen en niet mishandelen"
2023-04-06,12:56:25,00:01:31,"Directe link",Nee,Nee,Nee,Nee,Ja,Ja,Nee,Nee,Nee,Nee,Nee,Ja,Nee,Nee,Nee,"nee sommigen mensen mishandelen de dieren...."
2023-04-06,12:56:23,00:00:50,"Directe link",Nee,Nee,Nee,Ja,Ja,Ja,Nee,Nee,Nee,Nee,Nee,Ja,Nee,Ja,Nee,Ja
2023-04-06,12:55:52,00:00:48,"Directe link",Nee,Nee,Nee,Nee,Ja,Ja,Nee,Nee,Nee,Nee,Ja,Nee,Nee,Nee,Nee,nee
2023-04-06,12:55:42,00:00:45,"Directe link",Nee,Nee,Nee,Nee,Ja,Ja,Nee,Nee,Nee,Nee,Ja,Nee,Nee,Nee,Nee,nee
2023-04-06,12:48:46,00:04:17,"Directe link",Nee,Nee,Nee,Nee,Ja,Ja,Nee,Nee,Nee,Nee,Nee,Nee,Nee,Nee,Ja,"Oneens, sommigen kunnen minder goed voor huisdieren zorgen. Sommige mensen behandelen een huisdier niet goed."
2023-04-06,12:47:09,00:04:31,"Directe link",Nee,Nee,Nee,Nee,Ja,Nee,Nee,Nee,Ja,Nee,Nee,Ja,Nee,Nee,Nee,"Beetje eens, "
2023-04-06,12:26:18,00:08:18,"Directe link",Nee,Nee,Nee,Nee,Ja,Nee,Nee,Nee,Ja,Nee,Nee,Nee,Ja,Nee,Nee,"Ik vind dat iedereen het recht heeft een (passend) huisdier te hebben, maar je moet er wel geld,plek en liefde voor (kunnen) hebben. Ook vind ik dat het beter  is een passend en TOEGESTAAN huisdier te hebben en met passend bedoel ik dat het niet zo is dat jij bijvoorbeeld graag sport en je hond totaal niet. eigenlijk moeten er ook plekken zijn voor mensen die hun huisdier niet thuis kunnen hebben, dus dat de dieren daar kunnen slapen\eten "
2023-04-06,12:16:52,00:01:23,"Directe link",Nee,Nee,Nee,Nee,Ja,Ja,Nee,Nee,Nee,Nee,Nee,Nee,Nee,Nee,Ja,"Nee‚û°Ô∏èniet als je er niet goed mee om kan gaan"
2023-04-06,12:13:48,00:06:10,"Directe link",Nee,Nee,Nee,Ja,Nee,Nee,Ja,Nee,Nee,Nee,Nee,Nee,Ja,Nee,Nee,"ja, als je er goed voor zorgt, verdient wel een goed baasje"
2023-04-06,12:09:59,00:05:44,"Directe link",Nee,Nee,Nee,Nee,Ja,Ja,Nee,Nee,Nee,Nee,Nee,Nee,Nee,Ja,Nee,"ze hebben het recht op een huisdier mits ze ze goed verzorgen.
"
2023-04-06,12:09:54,00:05:27,"Directe link",Nee,Ja,Nee,Nee,Nee,Ja,Nee,Nee,Nee,Nee,Nee,Nee,Ja,Nee,Nee,"Het hangt ervan af waar diegene woont en of hij vaak thuis is. Het moet altijd in overleg met de ouders. Er moet wel genoeg geld zijn voor eten, speeltjes en een bijv. een mand. "
2023-04-06,12:03:12,00:02:48,"Directe link",Nee,Nee,Nee,Ja,Nee,Ja,Nee,Nee,Nee,Nee,Nee,Nee,Nee,Ja,Nee,"Alleen als je goed voor je dier kunt zorgen."
2023-04-06,12:02:03,00:04:15,"Directe link",Nee,Nee,Ja,Nee,Nee,Ja,Nee,Nee,Nee,Nee,Nee,Ja,Nee,Nee,Nee,"Wij vinden het moeilijk om te beslissen of iedereen recht heeft. Het hangt er wel vanaf hoe je het dier behandeld. Je moet wel kijken of je genoeg ruimte hebt. Je moet het echt zeker weten. "
2023-04-06,12:01:18,00:00:58,"Directe link",Nee,Nee,Nee,Nee,Ja,Ja,Nee,Nee,Nee,Nee,Nee,Nee,Nee,Nee,Ja,"Nee niet als je het dier niet goed verzorgd of als het dier wild is
"
2023-04-06,12:00:28,00:02:27,"Directe link",Nee,Nee,Nee,Nee,Ja,Ja,Nee,Nee,Nee,Nee,Nee,Nee,Nee,Ja,Nee,"Ja helemaal mee eens maar als je het niet wil hieft het natuurlijk niet 
 "
2023-04-06,11:59:33,00:04:42,"Directe link",Nee,Nee,Nee,Ja,Nee,Ja,Nee,Nee,Nee,Nee,Nee,Nee,Ja,Nee,Nee,"Iedereen heeft even veel recht op een huisdier maar soms vinden je ouders het niet helemaal goed."
2023-04-06,11:58:46,00:04:06,"Directe link",Ja,Ja,Ja,Ja,Ja,Ja,Nee,Nee,Nee,Nee,Nee,Nee,Nee,Nee,Ja,nee
2023-04-06,11:57:30,00:01:51,"Directe link",Nee,Nee,Ja,Nee,Nee,Ja,Nee,Nee,Nee,Nee,Nee,Ja,Nee,Ja,Nee,"Alleen als je het wil 
"
2023-04-06,11:55:49,00:00:43,"Directe link",Nee,Nee,Nee,Ja,Nee,Ja,Nee,Nee,Nee,Nee,Nee,Nee,Nee,Nee,Ja,Nee
2023-04-06,11:55:00,00:03:05,"Directe link",Nee,Nee,Ja,Nee,Nee,Ja,Nee,Nee,Nee,Nee,Nee,Nee,Nee,Nee,Ja,"Nee want er zijn er waarschijnlijk niet genoeg
Nee want niet idereen wil een huisdier
Nee want niet alle mensen hebben genoeg geld om een huisdier te hebben"
2023-04-06,11:54:58,00:02:25,"Directe link",Nee,Nee,Nee,Nee,Ja,Ja,Nee,Nee,Nee,Nee,Nee,Nee,Nee,Ja,Nee,"Weet ik niet?"
2023-04-06,11:54:27,00:02:36,"Directe link",Nee,Nee,Ja,Nee,Nee,Ja,Nee,Nee,Nee,Nee,Nee,Ja,Nee,Ja,Nee,"Nee het moet niet alleen als je het zelf wilt "
2023-04-06,11:53:52,00:02:17,"Directe link",Nee,Nee,Nee,Nee,Ja,Ja,Nee,Nee,Nee,Nee,Ja,Nee,Nee,Nee,Nee,"Eens,als ze er maar heeeeeeeeeeeeeeeeeeeel goed voor zorgen! "
2023-04-06,11:53:32,00:00:25,"Directe link",Nee,Nee,Nee,Ja,Nee,Ja,Nee,Nee,Nee,Nee,Nee,Nee,Ja,Nee,Nee,Ja
2023-04-06,11:53:02,00:01:17,"Directe link",Nee,Nee,Nee,Ja,Nee,Ja,Nee,Nee,Nee,Nee,Nee,Nee,Ja,Nee,Nee,Ja
2023-04-06,11:47:37,00:01:59,"Directe link",Nee,Nee,Nee,Nee,Ja,Ja,Nee,Nee,Nee,Nee,Nee,Nee,Ja,Nee,Nee,JA
2023-04-06,11:41:46,00:01:29,"Directe link",Nee,Nee,Nee,Ja,Nee,Ja,Nee,Nee,Nee,Nee,Nee,Nee,Nee,Ja,Nee,"ja als het dier zich ook goet voelt
"
2023-04-06,11:37:03,00:01:18,"Directe link",Nee,Nee,Nee,Ja,Nee,Ja,Nee,Nee,Nee,Nee,Nee,Nee,Nee,Ja,Nee,"je moet niet iemand een huisdier geven als ze geen tijd voor hun hebben"
2023-04-06,11:30:18,00:07:11,"Directe link",Nee,Nee,Nee,Ja,Nee,Ja,Nee,Nee,Nee,Nee,Nee,Nee,Nee,Ja,Nee,"als je een huisdier hebt moet je er wel voor kunnen zorgen anders is het zielig je moet niet een huisdier nemen voor de sier"
2023-04-06,11:29:01,00:01:39,"Directe link",Nee,Nee,Ja,Nee,Nee,Nee,Nee,Ja,Nee,Nee,Ja,Nee,Nee,Nee,Nee,"ja maar somige mensen kunen er niet voor zorgen "
2023-04-06,11:22:27,00:00:54,"Directe link",Nee,Nee,Nee,Ja,Nee,Ja,Nee,Nee,Nee,Nee,Nee,Nee,Nee,Ja,Nee,"nee want er zijn ook mensen bang voor dieren"
2023-04-06,11:21:57,00:09:40,"Directe link",Nee,Nee,Nee,Ja,Ja,Ja,Nee,Nee,Nee,Nee,Ja,Ja,Nee,Nee,Nee,"Zolang je er goed voor bent...ja"
2023-04-06,11:20:38,00:02:48,"Directe link",Nee,Nee,Nee,Nee,Ja,Ja,Nee,Nee,Nee,Nee,Nee,Nee,Nee,Ja,Nee,"Nee, want je weet niet of de persoon aan wie je het dier geeft wel goed voor dier kan zorgen.
"
2023-04-06,11:18:45,00:00:57,"Directe link",Nee,Nee,Nee,Nee,Ja,Nee,Ja,Nee,Nee,Nee,Ja,Nee,Nee,Nee,Nee,"ja als jij goed voor het dier zorgt
"
2023-04-06,11:18:16,00:07:58,"Directe link",Nee,Nee,Nee,Ja,Nee,Ja,Nee,Nee,Nee,Nee,Nee,Nee,Ja,Nee,Nee,"Ieder heeft er recht op, maar niet iedereen wil het. Hulp honden zouden altijd beschikbaar moeten zijn."
2023-04-06,11:17:47,00:02:01,"Directe link",Nee,Nee,Ja,Nee,Nee,Ja,Nee,Nee,Nee,Nee,Ja,Nee,Nee,Nee,Nee,"zeker als jij een huisdier wil dan kan je er zeker √©√©n nemen maar wel √©√©n die bestemd ervoor is om een huisdier te zijn niet bijvoorbeeld een aapje"
2023-04-06,11:17:38,00:00:44,"Directe link",Nee,Ja,Nee,Nee,Nee,Ja,Nee,Nee,Nee,Nee,Ja,Nee,Nee,Nee,Nee,"ik denk het wel tenzij je dat echt niet wilt"
2023-04-06,11:17:16,00:01:04,"Directe link",Nee,Ja,Nee,Nee,Nee,Ja,Nee,Nee,Nee,Nee,Nee,Nee,Ja,Nee,Nee,ja
2023-04-06,11:17:13,00:00:42,"Directe link",Nee,Ja,Nee,Nee,Nee,Nee,Nee,Ja,Nee,Nee,Nee,Nee,Nee,Ja,Nee,Ja
2023-04-06,11:16:37,00:01:30,"Directe link",Nee,Nee,Nee,Ja,Nee,Ja,Nee,Nee,Nee,Nee,Nee,Nee,Ja,Nee,Nee,"ja, maar je moet er wel goed voor kunnen zorgen en er wel verstand van hebben"
2023-04-06,11:15:23,00:01:50,"Directe link",Nee,Ja,Nee,Nee,Nee,Ja,Nee,Nee,Nee,Nee,Ja,Ja,Nee,Nee,Nee,"Ja iedereen heeft er recht op. alleen als je allergische bent voor dieren dan zou ik er geen een nemen"
2023-04-06,11:14:51,00:01:25,"Directe link",Ja,Nee,Nee,Nee,Nee,Ja,Nee,Nee,Nee,Nee,Nee,Ja,Nee,Nee,Nee,"ja het is ook gewwon gezellig om samen met je huisdier thuis te zijn"
2023-04-06,11:14:38,00:00:47,"Directe link",Nee,Nee,Nee,Ja,Nee,Ja,Nee,Nee,Nee,Nee,Nee,Nee,Ja,Nee,Nee,"iedereen mag maar niks moet"
2023-04-06,11:14:24,00:01:12,"Directe link",Nee,Nee,Nee,Nee,Ja,Nee,Ja,Nee,Nee,Nee,Nee,Nee,Ja,Nee,Nee,1
2023-04-06,11:11:50,00:02:24,"Directe link",Nee,Nee,Ja,Nee,Nee,Ja,Nee,Nee,Nee,Nee,Nee,Nee,Ja,Nee,Nee,"Het mag, iedereen zou het recht moeten hebben."
2023-04-06,11:09:58,00:00:11,"Directe link",Ja,Nee,Nee,Nee,Nee,Ja,Nee,Nee,Nee,Nee,Ja,Nee,Nee,Nee,Nee,nee
2023-04-06,11:09:44,00:00:45,"Directe link",Nee,Nee,Nee,Nee,Ja,Nee,Ja,Nee,Nee,Nee,Nee,Nee,Nee,Ja,Nee,ja
2023-04-06,11:08:58,00:01:47,"Directe link",Nee,Ja,Nee,Nee,Nee,Ja,Nee,Nee,Nee,Nee,Nee,Ja,Nee,Nee,Nee,"nee want sommige mensen hebben niet de mogelijkheid om voor dieren te zorgen door geld problemen of omdat iemand niet met dieren om kan gaan."
2023-04-06,11:08:24,00:01:04,"Directe link",Nee,Ja,Nee,Nee,Nee,Ja,Nee,Nee,Nee,Nee,Nee,Ja,Nee,Nee,Nee,"ik vind van wel want waarom zou de ene het wel mogen en de ander niet"
2023-04-06,11:08:18,00:01:06,"Directe link",Nee,Nee,Nee,Nee,Ja,Nee,Nee,Nee,Ja,Nee,Ja,Nee,Nee,Nee,Nee,"Ja ik vind van wel dan heb je namelijk veel te doen en je kan er mee spelen"
2023-04-06,11:06:42,00:02:17,"Directe link",Nee,Nee,Nee,Nee,Ja,Ja,Nee,Nee,Nee,Nee,Nee,Nee,Nee,Ja,Nee,"ja ik vind van wel want een huisdier kan je helpen"
2023-04-06,11:06:25,00:02:21,"Directe link",Nee,Nee,Nee,Ja,Nee,Nee,Ja,Nee,Nee,Nee,Nee,Nee,Nee,Nee,Ja,"Het ligt eraan, als je bijvoorbeeld depressief of heel erg ziek of zo iets ben dan lijkt het mij niet heel slim, maar als je gewoon gezond ben en tijd hebt dan kan het wel"
2023-04-06,11:05:50,00:01:00,"Directe link",Nee,Nee,Nee,Nee,Ja,Ja,Nee,Nee,Nee,Nee,Nee,Nee,Nee,Nee,Ja,"Ja, maar je moet er wel goed voor zorgen"
2023-04-06,11:04:08,00:03:21,"Directe link",Nee,Nee,Nee,Nee,Ja,Ja,Nee,Nee,Nee,Nee,Nee,Ja,Nee,Nee,Nee,"nee kriminelen, dierenmishandelaars en mensen die een huisdier kopen om stoer te doen ( op tik kok ) hebben geen recht op een huisdier."
2023-04-06,11:03:58,00:01:16,"Directe link",Nee,Ja,Nee,Nee,Nee,Ja,Nee,Nee,Nee,Nee,Nee,Nee,Nee,Nee,Ja,ja
2023-04-06,11:02:06,00:05:04,"Directe link",Nee,Nee,Nee,Ja,Nee,Ja,Nee,Nee,Nee,Nee,Nee,Nee,Ja,Nee,Nee,fcgjhgcj
2023-04-06,11:00:58,00:03:36,"Directe link",Nee,Nee,Nee,Ja,Nee,Ja,Nee,Nee,Nee,Nee,Nee,Ja,Nee,Nee,Nee,"eens, behalve als ze niet voor dieren kunnen zorgen, allergisch zijn of het niet leuk vind"
2023-04-06,11:00:28,00:03:31,"Directe link",Nee,Nee,Nee,Nee,Ja,Ja,Nee,Nee,Nee,Nee,Nee,Ja,Nee,Nee,Nee,"Als er goed voor wordt gezorgd dan wel"
2023-04-06,10:58:26,00:06:34,"Directe link",Nee,Nee,Nee,Nee,Ja,Ja,Nee,Nee,Nee,Nee,Nee,Ja,Nee,Nee,Nee,Eens
2023-04-06,10:55:49,00:14:23,"Directe link",Nee,Nee,Ja,Ja,Ja,Ja,Nee,Nee,Nee,Nee,Nee,Ja,Nee,Ja,Nee,"Nee. Dierenmishandelaars, criminelen, mensen met weinig geld en mensen die het alleen doen om leuk te doen, zonder er goed voor te zorgen, hebben er geen recht op."
2023-04-06,10:54:58,00:01:50,"Directe link",Nee,Ja,Nee,Ja,Nee,Nee,Nee,Nee,Ja,Nee,Nee,Ja,Nee,Nee,Nee,"ja want als je een huisdier wilt mag je die gewoon hebben. Als je hem goed verzorgt."
2023-04-06,10:54:41,00:01:14,"Directe link",Nee,Nee,Ja,Nee,Nee,Ja,Nee,Nee,Nee,Nee,Ja,Nee,Nee,Nee,Nee,"Ja maar hij moet wel goed verzorgt worden want anders vind Doggo dat niet leuk :( "
2023-04-06,10:54:15,00:00:54,"Directe link",Nee,Nee,Ja,Nee,Nee,Ja,Nee,Nee,Nee,Nee,Nee,Nee,Nee,Ja,Nee,"iedereen heeft zeker het recht, maar je moet er wel mee om kunnen gaan"
2023-04-06,10:54:01,00:01:23,"Directe link",Nee,Nee,Nee,Nee,Ja,Ja,Nee,Nee,Nee,Nee,Nee,Nee,Nee,Ja,Nee,"Als iemand te veel huisdieren heeft of een slecht verleden heeft met ze zou ik er over gaan twijfelen of diegene nog wel een huisdier mag."
2023-04-06,10:52:32,00:11:35,"Directe link",Nee,Nee,Nee,Nee,Ja,Ja,Nee,Nee,Nee,Nee,Nee,Nee,Nee,Ja,Ja,"Je hebt alleen het recht op een huisdier als je goed voor het dier kan zorgen. En wanneer je een klik hebt met het dier. En je het dier niet gebruikt om geld mee te verdienen. En geen experimenten op mag uitvoeren."
2023-04-06,10:49:57,00:06:42,"Directe link",Nee,Nee,Nee,Nee,Ja,Ja,Ja,Nee,Nee,Nee,Nee,Ja,Nee,Nee,Nee,"Ja, je hebt er recht op...maar dan moet je er wel goed voor zorgen. Je ouders moeten er wel achter staan...toestemming voor geven. Je moet er wel goed over nadenken...het is wel voor een lange periode. Het kan je ook beperken, doordat het huisdier ergens niet mee naartoe kan en dan moet je oppas regelen. 
Als je er niet goed voor gaat zorgen (mishandelen), dan mag je geen huisdier hebben. "
2023-04-06,10:49:16,00:04:36,"Directe link",Nee,Nee,Nee,Nee,Ja,Ja,Nee,Nee,Nee,Nee,Nee,Ja,Nee,Nee,Nee,"ja alleen niet als het niet uitkomt (daarmee bedoel ik dt als je een heel drukke baan hebt of veel weg moet zou het niet handig)"
2023-04-06,10:48:21,00:01:50,"Directe link",Nee,Nee,Nee,Nee,Ja,Nee,Ja,Nee,Nee,Nee,Nee,Nee,Nee,Nee,Ja,"Nee alleen als je de mogelijkheid en ruimte hebt om voor een dier te zorgen."
2023-04-06,10:47:20,00:02:33,"Directe link",Nee,Ja,Nee,Nee,Nee,Ja,Nee,Nee,Nee,Nee,Nee,Nee,Nee,Nee,Ja,Ja
2023-04-06,10:47:04,00:00:32,"Directe link",Nee,Ja,Nee,Nee,Nee,Ja,Nee,Nee,Nee,Nee,Nee,Nee,Nee,Ja,Nee,Ja
2023-04-06,10:46:35,00:02:01,"Directe link",Nee,Nee,Nee,Ja,Nee,Nee,Ja,Nee,Ja,Nee,Nee,Nee,Nee,Ja,Nee,"ja als je er maar goed voor zorgt"
2023-04-06,10:46:35,00:05:47,"Directe link",Nee,Ja,Nee,Nee,Nee,Ja,Nee,Nee,Nee,Nee,Nee,Nee,Nee,Ja,Nee,"Je hebt alleen recht op een huisdier wanneer je er voor kunt zorgen. "
2023-04-06,10:46:33,00:01:38,"Directe link",Nee,Ja,Nee,Nee,Nee,Ja,Nee,Nee,Nee,Nee,Ja,Nee,Nee,Nee,Nee,"Ja want niemand kan iets zegen over jouw huisdier"
2023-04-06,10:46:27,00:01:30,"Directe link",Nee,Nee,Ja,Nee,Nee,Ja,Nee,Nee,Nee,Nee,Nee,Ja,Nee,Nee,Nee,"Eens en oneens want niet iedereen kan er goed voor zorgen"
2023-04-06,10:46:22,00:01:16,"Directe link",Nee,Ja,Nee,Nee,Nee,Ja,Nee,Nee,Nee,Nee,Ja,Nee,Nee,Nee,Nee,Ja
2023-04-06,10:45:58,00:01:23,"Directe link",Nee,Nee,Nee,Ja,Nee,Ja,Nee,Nee,Nee,Nee,Nee,Nee,Nee,Nee,Ja,"Ja "
2023-04-06,10:45:48,00:01:15,"Directe link",Nee,Ja,Nee,Ja,Nee,Ja,Nee,Nee,Nee,Nee,Ja,Nee,Nee,Nee,Nee,"Ja mee eens "
2023-04-06,10:45:33,00:01:16,"Directe link",Nee,Nee,Nee,Ja,Nee,Ja,Nee,Nee,Nee,Nee,Nee,Nee,Ja,Nee,Nee,"Ja klopt want huisdieren zijn leuk en als je dat niet hebt dan is het saai in huis "
2023-04-06,10:45:32,00:01:27,"Directe link",Nee,Nee,Nee,Ja,Nee,Ja,Nee,Nee,Nee,Nee,Ja,Nee,Nee,Nee,Nee,"Ja als je wilt,
"
2023-04-06,10:45:32,00:01:33,"Directe link",Nee,Nee,Nee,Nee,Ja,Nee,Nee,Nee,Ja,Nee,Ja,Nee,Nee,Nee,Nee,"Nee mensen die er niet goed mee om kunnen gaan mag het niet
"
2023-04-06,10:45:08,00:00:36,"Directe link",Nee,Nee,Nee,Ja,Nee,Ja,Nee,Nee,Nee,Nee,Ja,Nee,Nee,Nee,Nee,"Ja vind ik wel"
2023-04-06,10:44:42,00:01:13,"Directe link",Ja,Nee,Nee,Nee,Nee,Ja,Nee,Nee,Nee,Nee,Nee,Nee,Nee,Nee,Ja,"Ja helemaal eens
"
2023-04-06,10:44:42,00:01:22,"Directe link",Nee,Ja,Nee,Nee,Nee,Ja,Nee,Nee,Nee,Nee,Nee,Ja,Nee,Nee,Nee,"Iedereen mag zelf kiezen of die een dier wil hebben of niet"
2023-04-06,10:44:40,00:00:53,"Directe link",Nee,Nee,Nee,Ja,Nee,Ja,Nee,Nee,Nee,Nee,Nee,Nee,Nee,Nee,Ja,"Je mag het zelf weten"
2023-04-06,10:44:05,00:02:33,"Directe link",Nee,Nee,Nee,Ja,Nee,Ja,Nee,Nee,Nee,Nee,Nee,Ja,Nee,Nee,Nee,"Ja, maar je moet er dan wel goed voor zorgen"
2023-04-06,10:43:54,00:02:08,"Directe link",Nee,Nee,Nee,Nee,Ja,Ja,Nee,Nee,Nee,Nee,Nee,Ja,Nee,Nee,Nee,"Nee als je er niet goed voor kan zorgn dan niet."
2023-04-06,10:43:53,00:03:03,"Directe link",Nee,Nee,Nee,Nee,Ja,Ja,Nee,Nee,Nee,Nee,Nee,Ja,Nee,Nee,Nee,"Een betje want niet iedereen is en goet baasje
Groetjes melle"
2023-04-06,10:43:23,00:05:06,"Directe link",Nee,Nee,Nee,Nee,Ja,Ja,Nee,Nee,Nee,Nee,Nee,Nee,Nee,Ja,Nee,"ja om dat ook leuk voor het dier want dan heben ze ook iemand die van ze houd"
2023-04-06,10:41:03,00:06:16,"Directe link",Nee,Nee,Nee,Ja,Nee,Nee,Ja,Nee,Nee,Nee,Nee,Nee,Ja,Nee,Nee,"Onze klas stemt 75% eens en 25% oneens."
2023-04-06,10:40:56,00:00:58,"Directe link",Nee,Ja,Nee,Nee,Nee,Ja,Nee,Nee,Nee,Nee,Ja,Nee,Nee,Nee,Nee,Ja
2023-04-06,10:40:37,00:01:05,"Directe link",Nee,Nee,Nee,Nee,Ja,Ja,Nee,Nee,Nee,Nee,Ja,Nee,Nee,Nee,Nee,"Als je het niet wil dan niet
"
2023-04-06,10:38:25,00:01:32,"Directe link",Nee,Ja,Nee,Nee,Nee,Ja,Nee,Nee,Nee,Nee,Ja,Nee,Nee,Nee,Nee,"Ja, omdat ander het asiel vol zit, gezellig is, en bij honden emotie neerleggen."
2023-04-06,10:37:46,00:00:39,"Directe link",Nee,Nee,Nee,Ja,Nee,Ja,Nee,Nee,Nee,Nee,Ja,Nee,Nee,Nee,Nee,"Dat is waar!
"
2023-04-06,10:33:48,00:03:56,"Directe link",Nee,Nee,Nee,Nee,Ja,Ja,Nee,Nee,Nee,Nee,Nee,Ja,Nee,Nee,Nee,"Als je ervoor kunt zorgen wel en als je een hulpdier nodig hebt. Ook moet je genoeg tijd voor je dieren hebben. "
2023-04-06,10:32:12,00:01:00,"Directe link",Nee,Nee,Nee,Nee,Ja,Ja,Nee,Nee,Nee,Nee,Nee,Ja,Nee,Nee,Nee,"ja het is leuk"
2023-04-06,10:30:08,00:00:15,"Directe link",Nee,Nee,Nee,Nee,Ja,Ja,Nee,Nee,Nee,Nee,Nee,Nee,Ja,Nee,Nee,"ja als je ze goed kan opvoeden"
2023-04-06,10:29:42,00:00:46,"Directe link",Nee,Nee,Nee,Nee,Ja,Ja,Nee,Nee,Nee,Nee,Nee,Nee,Ja,Nee,Nee,"ja als je het wilt en ze goed kan opvoeden"
2023-04-06,10:29:42,00:03:14,"Directe link",Nee,Nee,Nee,Nee,Ja,Ja,Nee,Nee,Nee,Nee,Nee,Ja,Nee,Nee,Nee,"als je het wilt, kunt en geld ervoor hebt dan wel. Ook mag je geen strafblad hebben betreft dierenmishandeling."
2023-04-06,10:26:08,00:04:09,"Directe link",Nee,Ja,Nee,Nee,Nee,Ja,Nee,Nee,Nee,Nee,Ja,Nee,Nee,Nee,Nee,"mee eens iederen mag een huisdier "
2023-04-06,10:25:01,00:05:40,"Directe link",Nee,Nee,Nee,Ja,Ja,Ja,Ja,Nee,Nee,Nee,Ja,Ja,Nee,Nee,Nee,"Je moet het zelf willen en er goed voor kunnen zorgen."
2023-04-06,10:24:01,00:01:40,"Directe link",Nee,Nee,Ja,Nee,Nee,Ja,Nee,Nee,Nee,Nee,Ja,Nee,Nee,Nee,Nee,"ja, maar dan moet je er wel veel aandacht aan besteden"
2023-04-06,10:23:34,00:01:14,"Directe link",Nee,Ja,Nee,Nee,Nee,Nee,Ja,Nee,Nee,Nee,Nee,Ja,Nee,Nee,Nee,"iedereen heeft recht op een huisdier want een huisdier is heel gezellig en heel leuk."
2023-04-06,10:22:24,00:02:46,"Directe link",Nee,Ja,Ja,Nee,Nee,Nee,Ja,Nee,Ja,Nee,Ja,Ja,Nee,Nee,Nee,"Ik vind van wel je kan nooit iemand dwingen voor een huisdier dus iedereen heef daar recht op."
2023-04-06,10:21:57,00:01:00,"Directe link",Nee,Nee,Ja,Nee,Nee,Nee,Ja,Nee,Nee,Nee,Ja,Nee,Nee,Nee,Nee,"ja idk maar ja"
2023-04-06,10:21:28,00:01:20,"Directe link",Nee,Nee,Nee,Nee,Ja,Ja,Nee,Nee,Nee,Nee,Nee,Nee,Nee,Ja,Nee,"Nee want sommige mensen hebben geen geld voor voedsel voor het dier"
2023-04-06,10:21:15,00:03:59,"Directe link",Nee,Nee,Nee,Nee,Ja,Ja,Nee,Nee,Nee,Nee,Nee,Ja,Nee,Nee,Nee,Ja
2023-04-06,10:20:56,00:00:53,"Directe link",Nee,Ja,Nee,Nee,Nee,Ja,Nee,Nee,Nee,Nee,Nee,Ja,Nee,Nee,Nee,"ja iedereen heeft daar recht op"
2023-04-06,10:20:46,00:00:39,"Directe link",Ja,Nee,Nee,Nee,Nee,Ja,Nee,Nee,Nee,Nee,Nee,Nee,Ja,Nee,Nee,"ja want je word er blij van "
2023-04-06,10:20:46,00:02:22,"Directe link",Ja,Nee,Nee,Nee,Nee,Ja,Nee,Nee,Nee,Nee,Nee,Nee,Ja,Nee,Nee,"Het hoeft niet maar het mag wel het is je eigen kuze."
2023-04-06,10:20:23,00:00:09,"Directe link",Ja,Nee,Nee,Nee,Nee,Ja,Nee,Nee,Nee,Nee,Nee,Nee,Ja,Nee,Nee,tuurlijk
2023-04-06,10:19:58,00:00:45,"Directe link",Ja,Nee,Nee,Nee,Nee,Ja,Nee,Nee,Nee,Nee,Nee,Nee,Ja,Nee,Nee,"tuurlijk "
2023-04-06,10:19:49,00:00:52,"Directe link",Nee,Nee,Nee,Ja,Nee,Ja,Nee,Nee,Nee,Nee,Nee,Nee,Nee,Ja,Nee,"Ja alleen moet je er wel goed voor kunnen zorgen en de juiste spullen hebben."
2023-04-06,10:19:01,00:01:22,"Directe link",Nee,Nee,Nee,Ja,Nee,Ja,Nee,Nee,Nee,Nee,Ja,Nee,Nee,Nee,Nee,"niet iedereen heeft recht om een huisdier, omdat sommige willen geen huisdier"
2023-04-06,10:13:41,00:03:03,"Directe link",Nee,Nee,Nee,Ja,Nee,Ja,Nee,Nee,Nee,Nee,Nee,Nee,Nee,Ja,Nee,"Ja, maar dan moet je er wel goed voor zorgen en het kunnen betalen."
2023-04-06,10:13:35,00:05:29,"Directe link",Nee,Ja,Nee,Nee,Nee,Ja,Nee,Nee,Nee,Nee,Nee,Nee,Ja,Nee,Nee,"Alleen als je voldoende tijd en geld hebt om er goed voor te zorgen."
2023-04-06,10:13:29,00:03:09,"Directe link",Nee,Nee,Nee,Ja,Nee,Ja,Nee,Nee,Nee,Nee,Nee,Nee,Nee,Nee,Ja,"Niet iedereen, sommige mensen behandelen de dieren slecht."
2023-04-06,10:11:48,00:02:14,"Directe link",Nee,Nee,Nee,Nee,Ja,Ja,Nee,Nee,Nee,Nee,Ja,Nee,Nee,Nee,Nee,ja
2023-04-06,10:08:39,00:01:50,"Directe link",Nee,Ja,Nee,Ja,Nee,Ja,Nee,Nee,Nee,Nee,Nee,Nee,Ja,Nee,Nee,"ja en nee want als je arm bent of niet bestemt bent om een huisdier te hebben kan dat diertje zich niet thuis voelen"
2023-04-06,10:06:14,00:04:17,"Directe link",Nee,Nee,Nee,Nee,Ja,Ja,Nee,Nee,Nee,Nee,Nee,Nee,Nee,Nee,Ja,"ja: gezelligheid, lief, iedereen mag, troosten, waakzaam
nee: niet iedereen wil, terug naar dierenasiel, niet goed verzorgen, dood gaan, veel geld, allergisch"
2023-04-06,10:05:42,00:02:24,"Directe link",Nee,Nee,Nee,Nee,Ja,Ja,Nee,Nee,Nee,Nee,Nee,Ja,Nee,Nee,Nee,"Ja,als je er maar van houdt
Het neemt stress weg

Nee,niet als je dieren mishandelt of als je allergisch bent"
2023-04-06,10:02:12,00:05:41,"Directe link",Nee,Nee,Nee,Nee,Ja,Ja,Nee,Nee,Nee,Nee,Nee,Nee,Nee,Nee,Ja,"Ja, iedereen verdient de gezelligheid en het knuffelen van een huisdier. Ook zorgt het ervoor dat je in beweging blijft. "
2023-04-06,09:57:33,00:01:05,"Directe link",Nee,Ja,Nee,Nee,Nee,Ja,Nee,Nee,Nee,Nee,Ja,Nee,Nee,Nee,Nee,"licht eraan wil jij ereen neem er een maar niet dan niet het licht alemaal aan jezelf"
2023-04-06,09:56:43,00:00:53,"Directe link",Nee,Nee,Nee,Nee,Ja,Ja,Nee,Nee,Nee,Nee,Nee,Ja,Nee,Nee,Nee,"weet ik niet"
2023-04-06,09:55:00,00:00:49,"Directe link",Nee,Nee,Nee,Ja,Nee,Ja,Nee,Nee,Nee,Nee,Nee,Nee,Ja,Nee,Nee,"nee want de grond recht"
2023-04-06,09:54:56,00:09:35,"Directe link",Nee,Ja,Nee,Nee,Nee,Ja,Nee,Nee,Nee,Nee,Nee,Nee,Nee,Nee,Ja,"Ja, als je er goed voor kan zorgen anders niet. "
2023-04-06,09:54:54,00:04:58,"Directe link",Nee,Nee,Nee,Nee,Ja,Ja,Nee,Nee,Nee,Nee,Nee,Nee,Ja,Nee,Nee,"Mee eens, op de voorwaarde dat diegene het dier goed verzorgt."
2023-04-06,09:54:39,00:02:16,"Directe link",Nee,Nee,Nee,Ja,Nee,Ja,Nee,Nee,Nee,Nee,Nee,Ja,Ja,Ja,Nee,"nee, ik vind dat je een huisdier dier mag als het kan bij je thuis.
het hoeft niet als je vander alergisch is."
2023-04-06,09:53:06,00:00:41,"Directe link",Nee,Ja,Nee,Nee,Nee,Ja,Nee,Nee,Nee,Nee,Nee,Nee,Nee,Ja,Nee,"nee sommige mensen kunnen het voedsel mischien niet betalen
"
2023-04-06,09:53:01,00:03:20,"Directe link",Nee,Nee,Nee,Nee,Ja,Ja,Nee,Nee,Nee,Nee,Nee,Nee,Nee,Nee,Ja,"nee, er zijn bepaalde mensen die geen huisdier zouden moeten hebben.
zoals dierenmishandelaars."
2023-04-06,09:50:16,00:03:55,"Directe link",Nee,Ja,Nee,Nee,Nee,Ja,Nee,Nee,Nee,Nee,Nee,Nee,Nee,Ja,Nee,"Ik vind dat je dat gewoon zelf mag bepalen, mischien heb je geen geld, hou je er niet van, ben je alergisch, en nog meer redenen om geen huisdier te hebben. Maar wat wel belangerijk is als je een huisdier wilt is dat je goed voor hem/haar zorgd en dat jullie gelukkig zijn, dan maakt het niet uit"
2023-04-06,09:49:58,00:02:27,"Directe link",Nee,Nee,Ja,Nee,Ja,Nee,Nee,Ja,Nee,Nee,Nee,Ja,Nee,Nee,Nee,"ja alen mijn moeder en vader wel niet."
2023-04-06,09:49:16,00:01:54,"Directe link",Nee,Ja,Nee,Nee,Nee,Ja,Nee,Nee,Nee,Nee,Nee,Ja,Nee,Nee,Nee,"helemaal eens"
2023-04-06,09:48:24,00:02:12,"Directe link",Nee,Nee,Nee,Ja,Nee,Ja,Nee,Nee,Nee,Nee,Ja,Nee,Nee,Nee,Nee,"ja licht er aan als de ouders het maar goed vinden want bijvoorbeeld een puppy of een kiten hebben wel heel veel zorg en liefden nodig en veel ruimte
"
2023-04-06,09:48:18,00:01:10,"Directe link",Ja,Nee,Nee,Nee,Nee,Nee,Ja,Nee,Nee,Nee,Ja,Nee,Nee,Nee,Nee,ja
2023-04-06,09:48:09,00:01:35,"Directe link",Nee,Ja,Nee,Nee,Nee,Ja,Nee,Nee,Nee,Nee,Nee,Ja,Nee,Nee,Nee,"ja het recht wel ik wil namelijk een kat"
2023-04-06,09:47:52,00:03:22,"Directe link",Nee,Nee,Nee,Ja,Nee,Ja,Nee,Nee,Nee,Nee,Nee,Nee,Nee,Ja,Nee,"helemaal eens iedereen heeft recht op een huis maatje ik heb zelf een hond een kat een heeeeeeeel veel vissen ik ben het helemaal eens ik gun het iedereen, maaaar dan moet iemand wel respect voor het dier tonnen."
2023-04-06,09:47:25,00:02:08,"Directe link",Nee,Nee,Ja,Nee,Nee,Ja,Nee,Nee,Nee,Nee,Nee,Ja,Nee,Ja,Nee,"nee, niet iedereen heeft recht om een huisdier. er zijn ook mensen zonder huisdier of die geen geld hebben, en er zijn ook fokkers.. maar er zijn ook mensen die geen geld hebben. maar als je wil kan je altijd een huisdier hebben!"
2023-04-06,09:47:22,00:01:10,"Directe link",Nee,Nee,Nee,Nee,Ja,Ja,Nee,Nee,Nee,Nee,Nee,Ja,Nee,Nee,Nee,"ja, iedereen moet iemand kunnen aaien"
2023-04-06,09:47:17,00:01:50,"Directe link",Nee,Nee,Ja,Nee,Nee,Ja,Nee,Nee,Nee,Nee,Nee,Ja,Nee,Nee,Nee,"beetje mee eens "
2023-04-06,09:46:54,00:01:28,"Directe link",Ja,Nee,Nee,Nee,Nee,Nee,Nee,Ja,Nee,Nee,Nee,Ja,Nee,Nee,Nee,"bijna iedereen"
2023-04-06,09:46:52,00:00:54,"Directe link",Nee,Ja,Nee,Nee,Nee,Ja,Nee,Nee,Nee,Nee,Nee,Nee,Nee,Nee,Ja,"ja
"
2023-04-06,09:46:34,00:03:58,"Directe link",Nee,Nee,Nee,Ja,Nee,Ja,Nee,Nee,Nee,Nee,Nee,Nee,Ja,Nee,Nee,"nee, want je moet er wel goed voor kunnen zorgen. je moet op een verantwoorde manier met het huisdier om kunnen gaan. "
2023-04-06,09:46:18,00:01:09,"Directe link",Nee,Ja,Nee,Nee,Nee,Ja,Nee,Nee,Nee,Nee,Nee,Nee,Ja,Nee,Nee,"ja omdat het leuk is
"
2023-04-06,09:46:15,00:01:06,"Directe link",Nee,Nee,Nee,Ja,Nee,Ja,Nee,Nee,Nee,Nee,Nee,Ja,Nee,Nee,Nee,"Niet altijd, sommigen mensen hebben geen geld om voedsel te kopen.
En mensen hebben niet altijd zin in een huisdieren."
2023-04-06,09:46:13,00:01:02,"Directe link",Ja,Nee,Nee,Nee,Nee,Ja,Nee,Nee,Nee,Nee,Nee,Nee,Ja,Nee,Nee,eens
2023-04-06,09:46:09,00:00:50,"Directe link",Nee,Nee,Nee,Nee,Ja,Ja,Nee,Nee,Nee,Nee,Nee,Nee,Ja,Nee,Nee,ja
2023-04-06,09:46:09,00:01:44,"Directe link",Nee,Ja,Nee,Nee,Nee,Nee,Nee,Ja,Nee,Nee,Nee,Nee,Ja,Nee,Nee,"als je een huisdier wilt/leuk vind dan mag je van mij wel een heben "
2023-04-06,09:46:08,00:00:29,"Directe link",Nee,Nee,Nee,Nee,Ja,Ja,Nee,Nee,Nee,Nee,Nee,Ja,Nee,Nee,Nee,"je zeker "
2023-04-06,09:46:07,00:01:02,"Directe link",Nee,Nee,Nee,Nee,Ja,Ja,Nee,Nee,Nee,Nee,Nee,Ja,Nee,Nee,Nee,"ja, iedereen moet iemand kunnen aaien"
2023-04-06,09:46:07,00:01:03,"Directe link",Nee,Nee,Ja,Nee,Nee,Ja,Nee,Nee,Nee,Nee,Nee,Ja,Nee,Nee,Nee,kat-kiten
2023-04-06,09:45:59,00:00:45,"Directe link",Nee,Ja,Nee,Nee,Nee,Ja,Nee,Nee,Nee,Nee,Ja,Nee,Nee,Nee,Nee,ja
2023-04-06,09:45:45,00:00:38,"Directe link",Nee,Nee,Nee,Nee,Ja,Ja,Nee,Nee,Nee,Nee,Nee,Ja,Nee,Nee,Nee,"niet ieder een"
2023-04-06,09:45:09,00:01:29,"Directe link",Ja,Nee,Nee,Nee,Nee,Nee,Ja,Nee,Nee,Nee,Ja,Nee,Nee,Nee,Nee,"ja inderdaad  "
2023-04-06,09:44:26,00:13:24,"Directe link",Nee,Ja,Nee,Nee,Ja,Ja,Nee,Nee,Nee,Nee,Nee,Ja,Nee,Ja,Nee,"Ik vind dat sommige er geen recht op hebben. De mensen die er niet goed voor kunnen zorgen."
2023-04-06,09:44:20,00:04:11,"Directe link",Nee,Nee,Nee,Nee,Ja,Ja,Nee,Nee,Nee,Nee,Nee,Ja,Nee,Nee,Nee,"ja want ander ben je zo alleen anders en met een huis dier ben je niet meer alleen. dus de conclusie is dat je het gewoon mag hebben."
2023-04-06,09:44:13,00:00:47,"Directe link",Nee,Nee,Nee,Ja,Nee,Ja,Nee,Nee,Nee,Nee,Nee,Ja,Nee,Nee,Nee,"Eens dieren hebben ook een leven net als mensen."
2023-04-06,09:43:28,00:04:30,"Directe link",Nee,Nee,Nee,Ja,Nee,Ja,Nee,Nee,Nee,Nee,Nee,Ja,Nee,Nee,Nee,"ik vind dat je een huisdier mag hebben maar je moet heel goed voor zorgen maar je maag geen dieren uit een anderland menemen en geen ilegalen dieren menemen."
2023-04-06,09:43:13,00:00:29,"Directe link",Nee,Nee,Nee,Nee,Ja,Ja,Nee,Nee,Nee,Nee,Nee,Nee,Nee,Nee,Ja,"alleen als iemand voor het dier kan en wil zorgen. En als mens en dier goed samengaan"
2023-04-06,09:43:11,00:03:27,"Directe link",Nee,Nee,Nee,Ja,Nee,Ja,Nee,Nee,Nee,Nee,Nee,Ja,Nee,Nee,Nee,"als je tijd voor het dier hebt en als het een gewoon huis dier is en geen zeldzaam dier is en je er lief voor bent dan wel ja"
2023-04-06,09:42:40,00:15:34,"Directe link",Nee,Nee,Nee,Nee,Ja,Ja,Nee,Nee,Nee,Nee,Nee,Nee,Nee,Ja,Ja,"Ja maar je moet wel een huis hebben want anders krijgt het dier mischien een slecht leven. maar je moet zelf kiezen of je er een neemt"
2023-04-06,09:42:14,00:03:01,"Directe link",Nee,Nee,Nee,Ja,Nee,Ja,Nee,Nee,Nee,Nee,Nee,Ja,Nee,Nee,Nee,"je mag een huisdier maar daan moet je er goed voor zorgen en er goed over naadenken of je wel voor je huisdier kan zorgen "
2023-04-06,09:42:09,00:02:35,"Directe link",Nee,Ja,Nee,Nee,Nee,Nee,Nee,Nee,Nee,Ja,Nee,Nee,Nee,Ja,Nee,"nee want sommige mensen hebben helemaal geen huisdier en willen dat ook niet bijvoorbeeld als het huisdier niet naar zijn baasje luistert"
2023-04-06,09:41:51,00:02:21,"Directe link",Ja,Nee,Nee,Nee,Nee,Ja,Nee,Nee,Nee,Nee,Nee,Nee,Ja,Nee,Nee,"IEDEREEN MAG EEN HUISDIER TOCH!!!"
2023-04-06,09:41:29,00:02:33,"Directe link",Ja,Nee,Nee,Nee,Nee,Ja,Nee,Nee,Nee,Nee,Nee,Ja,Nee,Nee,Nee,"Ja behalve als de persoon waarvan je toestemming van moet krijgen allergi√´n heeft"
2023-04-06,09:41:28,00:02:46,"Directe link",Nee,Ja,Nee,Ja,Nee,Ja,Nee,Nee,Nee,Nee,Nee,Ja,Nee,Nee,Nee,"je mag zelf bepallen of je een huisdier wil dus als je het niet wil moet je niet doen"
2023-04-06,09:41:22,00:02:01,"Directe link",Nee,Nee,Nee,Ja,Nee,Ja,Nee,Nee,Nee,Nee,Nee,Nee,Ja,Nee,Nee,"ja   want het is geen privelege dat je wel of niet hebt je kunt het altijd nemen maar je moet er dan wel goed mee omgaan en net zoveel liefde geven aan je huisdier als je huisdier aan jou geeft"
2023-04-06,09:41:19,00:14:22,"Directe link",Nee,Nee,Nee,Nee,Ja,Ja,Ja,Nee,Nee,Nee,Nee,Ja,Ja,Nee,Nee,"Ja omdat mensen mogen zelf bepalen of zijn huisdieren mochen "
2023-04-06,09:41:05,00:01:24,"Directe link",Nee,Nee,Nee,Ja,Nee,Nee,Ja,Nee,Nee,Nee,Nee,Ja,Nee,Nee,Nee,"ja maar het moet niet het mag je mag een huisdier heben "
2023-04-06,09:41:05,00:02:01,"Directe link",Nee,Nee,Nee,Nee,Ja,Ja,Ja,Nee,Nee,Nee,Nee,Ja,Ja,Nee,Nee,"iedereen heeft inderdaad het recht om een huisdier te hebben maar je moet er wel goed voor kunnen zorgen anders kan je beter geen huisdier nemen"
2023-04-06,09:40:59,00:01:27,"Directe link",Nee,Nee,Nee,Ja,Nee,Ja,Nee,Nee,Nee,Nee,Ja,Nee,Nee,Nee,Nee,"ja maar het is nog geen echt recht maar moet het wel worden"
2023-04-06,09:40:56,00:02:10,"Directe link",Nee,Ja,Nee,Nee,Nee,Ja,Nee,Nee,Nee,Nee,Nee,Nee,Ja,Nee,Nee,"ja als die persoon het wil en er goed voor zorgt of als hij een zwerver is en dat zijn honden hem bewaken"
2023-04-06,09:40:53,00:00:58,"Directe link",Nee,Nee,Nee,Nee,Ja,Ja,Nee,Nee,Nee,Nee,Nee,Nee,Nee,Ja,Nee,"ja, als ze willen"
2023-04-06,09:40:53,00:02:04,"Directe link",Nee,Nee,Nee,Ja,Nee,Ja,Nee,Nee,Nee,Nee,Ja,Nee,Nee,Nee,Nee,"ja iedereen mag een huisdier hebben. alleen als je het goed verorgd omdat als je dat niet doet heeft het ook geen nut om een huisdier te hebben
"
2023-04-06,09:40:50,00:02:00,"Directe link",Nee,Ja,Nee,Nee,Nee,Nee,Nee,Ja,Nee,Nee,Nee,Ja,Nee,Nee,Nee,"ja behalve als je een dier mishandeld"
2023-04-06,09:40:41,00:01:46,"Directe link",Nee,Ja,Nee,Ja,Nee,Ja,Nee,Nee,Nee,Nee,Nee,Nee,Nee,Ja,Nee,"Ja, want als je het wil mag het gewoon."
2023-04-06,09:40:40,00:01:36,"Directe link",Nee,Nee,Nee,Nee,Ja,Ja,Nee,Nee,Nee,Nee,Nee,Nee,Nee,Ja,Nee,"ja als die genen het wilt."
2023-04-06,09:40:35,00:01:44,"Directe link",Ja,Nee,Nee,Nee,Nee,Ja,Nee,Nee,Nee,Nee,Ja,Nee,Nee,Nee,Nee,"ja maar veel mensen vinden het niet fijn om er voor te zorgen enzo maar ik vind wel dat als iemand een huisdier wilt en andere ook een huisdier hebben vind ik dat iedereen daar recht op heeft."
2023-04-06,09:40:35,00:02:11,"Directe link",Nee,Nee,Nee,Nee,Ja,Ja,Nee,Nee,Nee,Nee,Nee,Ja,Nee,Nee,Nee,"iedereen mag een huisdier maar iedereen moet zelf kiezen of hij of zij een huisdier wil want als je het niet wil dan hoeft het niet."
2023-04-06,09:40:24,00:01:35,"Directe link",Nee,Ja,Nee,Nee,Nee,Ja,Nee,Nee,Nee,Nee,Nee,Nee,Nee,Ja,Nee,"jaaaaaaaaaaaa als die persoon er  goed voor kan zorgen "
2023-04-06,09:40:18,00:01:30,"Directe link",Nee,Nee,Nee,Ja,Nee,Ja,Nee,Nee,Nee,Nee,Nee,Nee,Nee,Ja,Nee,"je kan een huisdier leuk vinden maar ook niet leuk"
2023-04-06,09:40:13,00:01:26,"Directe link",Nee,Ja,Nee,Nee,Nee,Nee,Nee,Nee,Ja,Nee,Ja,Nee,Nee,Nee,Nee,"Ja als je het wilt."
2023-04-06,09:40:12,00:01:12,"Directe link",Ja,Nee,Nee,Nee,Nee,Nee,Ja,Nee,Nee,Nee,Nee,Ja,Nee,Nee,Nee,"Ja 
"
2023-04-06,09:40:09,00:01:16,"Directe link",Nee,Nee,Nee,Ja,Nee,Ja,Nee,Nee,Nee,Nee,Nee,Nee,Ja,Nee,Nee,"nee want als die gene het niet wil dan hoeft het ook niet"
2023-04-06,09:40:03,00:01:06,"Directe link",Nee,Nee,Nee,Ja,Nee,Ja,Nee,Nee,Nee,Nee,Nee,Ja,Nee,Nee,Nee,eens
2023-04-06,09:40:03,00:01:15,"Directe link",Nee,Ja,Nee,Nee,Nee,Ja,Nee,Nee,Nee,Nee,Nee,Nee,Nee,Nee,Ja,"ja zeker weten 100 procenten "
2023-04-06,09:40:00,00:00:52,"Directe link",Nee,Ja,Nee,Nee,Nee,Ja,Nee,Nee,Nee,Nee,Ja,Nee,Nee,Nee,Nee,"Ja maar niet als je allergisch bent."
2023-04-06,09:39:58,00:01:05,"Directe link",Nee,Nee,Ja,Nee,Nee,Ja,Nee,Nee,Nee,Nee,Ja,Nee,Nee,Nee,Nee,"ja helemaal mee eens

"
2023-04-06,09:39:57,00:01:06,"Directe link",Nee,Nee,Nee,Ja,Nee,Ja,Nee,Nee,Nee,Nee,Nee,Nee,Ja,Nee,Nee,"je hebt er alleen recht op als je het goed gaat verzorgen"
2023-04-06,09:39:56,00:01:03,"Directe link",Nee,Nee,Nee,Ja,Nee,Ja,Nee,Nee,Nee,Nee,Nee,Ja,Nee,Nee,Nee,"tuurlijk dat is logisch "
2023-04-06,09:39:55,00:01:03,"Directe link",Nee,Ja,Nee,Ja,Nee,Ja,Nee,Nee,Nee,Nee,Nee,Ja,Ja,Ja,Nee,"ja "
2023-04-06,09:39:53,00:01:03,"Directe link",Nee,Ja,Nee,Nee,Nee,Nee,Ja,Nee,Nee,Nee,Nee,Nee,Nee,Nee,Ja,"ja ja ja ja ja ja ja ja ja ja ja ja ja ja ja "
2023-04-06,09:39:51,00:01:06,"Directe link",Nee,Nee,Ja,Nee,Nee,Ja,Nee,Nee,Nee,Nee,Nee,Nee,Nee,Ja,Nee,"ja, als het gewenst is"
2023-04-06,09:39:50,00:01:03,"Directe link",Nee,Nee,Nee,Ja,Nee,Ja,Nee,Nee,Nee,Nee,Nee,Ja,Nee,Nee,Nee,"ja want ze zijn echt leuk"
2023-04-06,09:39:40,00:00:50,"Directe link",Nee,Nee,Nee,Nee,Ja,Nee,Ja,Nee,Nee,Nee,Nee,Ja,Nee,Nee,Nee,"ja behalve mensen die het dier mishandelen"
2023-04-06,09:39:30,00:00:44,"Directe link",Ja,Nee,Nee,Nee,Nee,Ja,Nee,Nee,Nee,Nee,Ja,Ja,Nee,Nee,Nee,"nee
"
2023-04-06,09:38:29,00:12:32,"Directe link",Nee,Nee,Nee,Ja,Ja,Ja,Nee,Nee,Nee,Nee,Ja,Nee,Nee,Nee,Nee,"het moet een grondwed worden maar mensen moeten beloven dat ze goed voor hun huisdier moeten zorgen"
2023-04-06,09:36:24,00:00:56,"Directe link",Nee,Nee,Nee,Nee,Ja,Ja,Nee,Nee,Nee,Nee,Nee,Ja,Nee,Nee,Nee,"ik ben het daar niet mee eens"
2023-04-06,09:35:36,00:01:59,"Directe link",Nee,Nee,Ja,Nee,Nee,Nee,Nee,Nee,Ja,Ja,Nee,Nee,Ja,Nee,Nee,"licht er aan"
2023-04-06,09:35:31,00:04:13,"Directe link",Nee,Nee,Nee,Nee,Ja,Ja,Nee,Nee,Nee,Nee,Nee,Nee,Ja,Nee,Nee,"Nee, niet criminelen en mensen die het niet kunnen betalen "
2023-04-06,09:35:05,00:02:04,"Directe link",Nee,Nee,Nee,Ja,Nee,Nee,Ja,Nee,Nee,Nee,Ja,Nee,Nee,Nee,Nee,"ja maar als je er niet voor kan zorgen zou ik het niet doen"
2023-04-06,09:34:12,00:01:35,"Directe link",Nee,Nee,Nee,Ja,Nee,Ja,Nee,Nee,Nee,Nee,Ja,Nee,Nee,Nee,Nee,"als je er wel goed voor zorgt"
2023-04-06,09:34:11,00:08:54,"Directe link",Nee,Nee,Nee,Nee,Ja,Ja,Nee,Nee,Nee,Nee,Nee,Ja,Nee,Nee,Nee,"alleen de mensen die goed voor de dieren kunnen zorgen"
2023-04-06,09:32:00,00:04:09,"Directe link",Nee,Nee,Nee,Nee,Ja,Ja,Nee,Nee,Nee,Nee,Nee,Ja,Nee,Nee,Nee,"ja als ze er maar goed genoeg voor zorgen bijvoorbeeld:een hamster heeft veel te spelen nodig want anders laat hij zich de hele tijd vallen en dat is zielig

groeten Aaron"
2023-04-06,09:31:54,00:06:48,"Directe link",Nee,Nee,Nee,Nee,Ja,Nee,Ja,Nee,Ja,Nee,Nee,Ja,Nee,Nee,Ja,"Je vader en moeder moeten het goed vinden en je moet het dier wel goed kunnen verzorgen."
2023-04-06,09:31:41,00:05:11,"Directe link",Nee,Nee,Nee,Nee,Ja,Ja,Nee,Nee,Nee,Nee,Nee,Nee,Nee,Ja,Nee,"Ja, behalve mensen die dieren slecht behandelen. "
2023-04-06,09:30:25,00:02:10,"Directe link",Nee,Nee,Ja,Nee,Nee,Ja,Nee,Nee,Nee,Nee,Nee,Nee,Ja,Nee,Nee,"nee , ik vind Van niet want iedereen wilt geen huisdier of wel dan kunnen we er zef een kopen"
2023-04-06,09:28:42,00:03:25,"Directe link",Nee,Nee,Nee,Nee,Ja,Nee,Ja,Nee,Nee,Nee,Nee,Nee,Ja,Ja,Nee,"NEE want de huisdieren hebben niet gezegt waarom ze jouw huisdier wouden ziin"
2023-04-06,09:28:05,00:01:31,"Directe link",Ja,Nee,Nee,Nee,Nee,Ja,Nee,Nee,Nee,Nee,Nee,Ja,Nee,Nee,Nee,"iedereen heeft een recht om een huisdier te hebben maar ze moggen niet illegale dingen doen"
2023-04-06,09:26:14,00:07:29,"Directe link",Nee,Nee,Ja,Nee,Nee,Ja,Nee,Nee,Nee,Nee,Nee,Ja,Nee,Nee,Nee,"iedereen mag een huis dier hebben maar ze moggen niet illegale dingen doen of mishandeling"
2023-04-06,09:25:05,00:02:04,"Directe link",Nee,Nee,Ja,Nee,Nee,Nee,Nee,Ja,Nee,Nee,Nee,Nee,Ja,Nee,Nee,"ik weet het niet"
2023-04-06,09:23:44,00:01:16,"Directe link",Ja,Nee,Nee,Nee,Nee,Nee,Ja,Nee,Nee,Nee,Ja,Nee,Nee,Nee,Nee,"ik ben er best eens dat iedereen recht heeft om een huisdier te kopen"
2023-04-06,09:22:23,00:04:44,"Directe link",Ja,Nee,Nee,Nee,Nee,Nee,Ja,Nee,Nee,Nee,Ja,Nee,Nee,Nee,Nee,"ik ben er mee eens dat iedereen te recht heeft om een huisdier te hebben"
2023-04-06,09:21:37,00:16:51,"Directe link",Nee,Nee,Nee,Nee,Ja,Ja,Nee,Nee,Nee,Nee,Nee,Nee,Ja,Nee,Ja,"Iedereen mag een huisdier hebben als je er maar goed voor kan zorgen."
2023-04-06,09:21:32,00:00:33,"Directe link",Ja,Nee,Nee,Nee,Nee,Nee,Ja,Nee,Nee,Nee,Ja,Nee,Nee,Nee,Nee,"helemaal eens"
2023-04-06,09:21:18,00:03:38,"Directe link",Ja,Nee,Nee,Nee,Nee,Ja,Nee,Nee,Nee,Nee,Nee,Nee,Ja,Nee,Nee,"ja dat is waar"
2023-04-06,09:21:16,00:04:01,"Directe link",Ja,Nee,Nee,Nee,Nee,Ja,Nee,Nee,Nee,Nee,Ja,Nee,Nee,Nee,Nee,"ja dat is waar"
2023-04-06,09:20:59,00:03:49,"Directe link",Nee,Nee,Nee,Nee,Ja,Ja,Nee,Nee,Nee,Nee,Ja,Nee,Nee,Nee,Nee,"ik weet het niet want mensen doen gemeen tegen dieren en ik wil daarom er over protestreren en broodvokkers ik haat die  mensen dus niet iedereen heeft recht op huisdieren"
2023-04-06,09:20:56,00:03:43,"Directe link",Nee,Nee,Nee,Nee,Ja,Ja,Nee,Nee,Nee,Nee,Ja,Nee,Nee,Nee,Nee,"nee want niet iedereen doet lief tegen dieren "
2023-04-06,09:20:51,00:01:58,"Directe link",Ja,Nee,Nee,Nee,Nee,Nee,Ja,Nee,Nee,Nee,Ja,Nee,Nee,Nee,Nee,"natuurlijk
"
2023-04-06,09:20:47,00:01:19,"Directe link",Nee,Nee,Ja,Nee,Nee,Nee,Ja,Nee,Nee,Nee,Nee,Nee,Nee,Nee,Ja,"ja want ook al ben jij oud er is altijd een huisdier dat bij jou past dus het maakt niet uit."
2023-04-06,09:20:46,00:02:10,"Directe link",Ja,Nee,Nee,Nee,Nee,Ja,Nee,Nee,Nee,Nee,Nee,Ja,Nee,Nee,Nee,"ja natuurlijk"
2023-04-06,09:20:36,00:01:23,"Directe link",Ja,Nee,Nee,Nee,Nee,Ja,Nee,Nee,Nee,Nee,Ja,Nee,Nee,Nee,Nee,meschien
2023-04-06,09:20:34,00:00:49,"Directe link",Nee,Nee,Ja,Nee,Nee,Ja,Nee,Nee,Nee,Nee,Ja,Nee,Nee,Nee,Nee,natuurlijk
2023-04-06,09:20:32,00:03:15,"Directe link",Nee,Nee,Nee,Ja,Nee,Ja,Nee,Nee,Nee,Nee,Ja,Nee,Nee,Nee,Nee,"ik heb geen huisdier"
2023-04-06,09:20:30,00:01:53,"Directe link",Ja,Nee,Nee,Nee,Nee,Ja,Nee,Nee,Nee,Nee,Nee,Nee,Ja,Nee,Nee,"Ja je mag even huisdier hebben"
2023-04-06,09:20:30,00:02:04,"Directe link",Nee,Ja,Nee,Nee,Nee,Ja,Nee,Nee,Nee,Nee,Ja,Nee,Nee,Nee,Nee,"ja natuurlijk, maar het hoeft niet als je niet van dieren houd."
2023-04-06,09:20:23,00:03:12,"Directe link",Nee,Ja,Nee,Nee,Nee,Ja,Nee,Nee,Nee,Nee,Nee,Ja,Ja,Nee,Nee,ja
2023-04-06,09:20:16,00:01:38,"Directe link",Nee,Ja,Nee,Nee,Nee,Ja,Nee,Nee,Nee,Nee,Nee,Nee,Ja,Nee,Nee,"ja
"
2023-04-06,09:20:05,00:09:23,"Directe link",Nee,Nee,Nee,Nee,Ja,Ja,Nee,Nee,Nee,Nee,Nee,Nee,Ja,Nee,Nee,"mensen die niet in staat zijn om voor een huisdier te zorgen hebben niet het recht een huisdier te hebben."
2023-04-06,09:20:04,00:02:43,"Directe link",Ja,Nee,Nee,Nee,Ja,Ja,Nee,Nee,Nee,Nee,Nee,Nee,Nee,Ja,Nee,"Ja, als de mensen er goed voor zorgen."
2023-04-06,09:19:54,00:02:42,"Directe link",Nee,Nee,Ja,Nee,Nee,Ja,Nee,Nee,Nee,Nee,Ja,Nee,Nee,Nee,Nee,"ik heb een huisdier maar ik vind bijvoorbeeld als je niet er tegen kan dan niet.üòöüòöüòöüòöüòöüòöüòöüòöüòöüòöüòö"
2023-04-06,09:19:54,00:06:25,"Directe link",Nee,Ja,Nee,Nee,Nee,Ja,Nee,Nee,Nee,Nee,Nee,Ja,Nee,Nee,Nee,"Ja maar als je die dieren pijn doet dan niet"
2023-04-06,09:19:36,00:02:22,"Directe link",Nee,Ja,Nee,Nee,Nee,Ja,Nee,Nee,Nee,Nee,Ja,Nee,Nee,Nee,Nee,"ja dat is waar maar niet als jij of iemand in je familie een alergie heeft"
2023-04-06,09:19:33,00:00:55,"Directe link",Nee,Ja,Nee,Nee,Nee,Nee,Nee,Ja,Nee,Nee,Ja,Nee,Nee,Nee,Nee,"ja natuurlijk mag iedereen een huisdier hebben"
2023-04-06,09:19:15,00:14:55,"Directe link",Nee,Nee,Nee,Ja,Nee,Ja,Nee,Nee,Nee,Nee,Nee,Nee,Nee,Nee,Ja,"nee, dierenbeulen niet. Als je niet ervaren met dieren bent. En anders een cursus. Je moet ook geld ervoor hebben om dieren te verzorgen.
Je moet altijd iemand hebben om voor je dier te zorgen.
Je moet genoeg thuis zijn."
2023-04-06,09:18:59,00:05:51,"Directe link",Nee,Nee,Nee,Nee,Ja,Ja,Nee,Nee,Nee,Nee,Nee,Nee,Ja,Nee,Nee,"Jawel hoor als je er goed en aardig voor kan zorgen + kan betalen. "
2023-04-06,09:18:47,00:01:37,"Directe link",Nee,Nee,Ja,Nee,Nee,Ja,Nee,Nee,Nee,Nee,Ja,Nee,Nee,Nee,Nee,ja
2023-04-06,09:18:38,00:01:36,"Directe link",Nee,Nee,Ja,Nee,Nee,Nee,Ja,Nee,Nee,Nee,Nee,Nee,Nee,Nee,Ja,"ja maar bij bijvoorbeeld een hond moet je bijvoorbeeld wel de poep opruimen"
2023-04-06,09:18:27,00:00:53,"Directe link",Nee,Ja,Nee,Nee,Nee,Ja,Nee,Nee,Nee,Nee,Nee,Ja,Nee,Nee,Nee,"als je er goed voor kan zorgen"
2023-04-06,09:18:22,00:01:10,"Directe link",Ja,Nee,Nee,Nee,Nee,Ja,Nee,Nee,Nee,Nee,Ja,Nee,Nee,Nee,Nee,"ja "
2023-04-06,09:17:47,00:00:38,"Directe link",Nee,Nee,Nee,Nee,Ja,Ja,Nee,Nee,Nee,Nee,Nee,Nee,Nee,Nee,Ja,ja
2023-04-06,09:17:20,00:07:31,"Directe link",Nee,Ja,Nee,Nee,Nee,Nee,Nee,Ja,Nee,Nee,Nee,Nee,Nee,Ja,Nee,"Als je er zelf voor kan zorgen
"
2023-04-06,09:16:35,00:01:15,"Directe link",Nee,Nee,Nee,Ja,Nee,Ja,Nee,Nee,Nee,Nee,Nee,Nee,Nee,Nee,Ja,"nee, want je moet er goed voor zorgen en er goed mee omgaan."
2023-04-06,09:15:28,00:01:19,"Directe link",Nee,Nee,Nee,Nee,Ja,Ja,Nee,Nee,Nee,Nee,Nee,Nee,Nee,Nee,Ja,"Ja, als je er goed voor zorgt wel."
2023-04-06,09:15:13,00:02:32,"Directe link",Nee,Nee,Ja,Nee,Nee,Ja,Nee,Nee,Nee,Nee,Nee,Nee,Nee,Ja,Nee,"Nee, alleen mensen die goed kunnen zorgen voor een dier mogen een dier hebben"
2023-04-06,09:15:07,00:03:53,"Directe link",Nee,Nee,Nee,Nee,Ja,Ja,Nee,Nee,Nee,Nee,Nee,Nee,Ja,Nee,Nee,"Het mag, maar het moet niet. Het dier moet wel goed behandeld worden."
2023-04-06,09:14:54,00:05:08,"Directe link",Nee,Nee,Nee,Nee,Ja,Ja,Nee,Nee,Nee,Nee,Nee,Nee,Nee,Nee,Ja,"nee, niet iedereen. alleen als je het wil en er goed voor wil zorgen"
2023-04-06,09:14:52,00:01:03,"Directe link",Nee,Nee,Ja,Nee,Nee,Nee,Ja,Nee,Nee,Nee,Nee,Nee,Nee,Ja,Nee,"Ja omdat eh lach lach handen voor ogen blijft lachen bukt kijkt schattig doei"
2023-04-06,09:14:11,00:01:43,"Directe link",Nee,Ja,Nee,Nee,Nee,Ja,Nee,Nee,Nee,Nee,Ja,Nee,Nee,Nee,Nee,"ja iedereen mag er een of meer hebben maar niet slecht behandelen en ik heb zelf een slang"
2023-04-06,09:13:51,00:08:52,"Directe link",Nee,Nee,Nee,Ja,Nee,Ja,Nee,Nee,Nee,Nee,Nee,Nee,Nee,Ja,Nee,"Eigen keuze om een huisdier te hebben, maar je moet er wel goed voor kunnen zorgen. "
2023-04-06,09:13:46,00:04:23,"Directe link",Nee,Nee,Nee,Ja,Nee,Nee,Ja,Nee,Nee,Nee,Ja,Nee,Nee,Nee,Nee,"Ja, dat is leuk"
2023-04-06,09:12:49,00:02:55,"Directe link",Nee,Nee,Nee,Nee,Ja,Ja,Nee,Nee,Nee,Nee,Nee,Nee,Ja,Nee,Nee,"Dat ligt aan hoe je voor het dier zorgt. Iedereen heeft recht op gezelschap van een huisdier, maar als je een huisdier neemt moet je er goed voor zorgen. Je kunt geen huisdier nemen en deze na een paar dagen/weken weer terugbrengen naar het asiel."
2023-04-06,09:12:19,00:14:33,"Directe link",Nee,Nee,Nee,Nee,Ja,Ja,Nee,Nee,Nee,Nee,Nee,Nee,Nee,Ja,Nee,"Behalve als je een dier niet goed verzorgd of behandeld "
2023-04-06,09:12:07,00:04:20,"Directe link",Nee,Nee,Nee,Ja,Nee,Nee,Nee,Ja,Nee,Nee,Nee,Nee,Nee,Nee,Ja,"Nee dat vind ik niet. Niet iedereen heeft genoeg geld om voor een huisdier te kunnen zorgen. Een huisdier heeft een huis nodig, eten nodig en als hij ziek is moet hij naar de dierenarts kunnen. "
2023-04-06,09:12:06,00:07:31,"Directe link",Nee,Nee,Nee,Nee,Ja,Ja,Nee,Nee,Nee,Nee,Nee,Nee,Nee,Nee,Ja,"ja, alleen als je er goed en dierwaardig mee om gaat"
2023-04-06,09:11:25,00:02:24,"Directe link",Ja,Nee,Nee,Nee,Nee,Nee,Ja,Nee,Nee,Nee,Ja,Nee,Nee,Nee,Nee,"ja iedereen heeft het recht om een huisdier te hebben, maar sommige mensen willen het niet en misschien mag het ook niet van je ouders maar iedereen heeft wel het recht om een huisdier te krijgen!!!!!!!!!!!!!!üò∏üò∏üò∏üò∏üò∏üò∏üò∏"
2023-04-06,09:11:24,00:02:02,"Directe link",Nee,Nee,Nee,Ja,Nee,Nee,Nee,Ja,Nee,Nee,Ja,Nee,Nee,Nee,Nee,"Een huisdier is heel leuk om te hebben maar je moet wel veel tijd er in steken en het is wel veel geld. 
"
2023-04-06,09:11:21,00:01:40,"Directe link",Nee,Nee,Nee,Ja,Nee,Ja,Nee,Nee,Nee,Nee,Nee,Ja,Nee,Nee,Nee,"nou als je voorbeeld geen huisdier wild en de ander denkt:Ja een huis dier ik heb er zelf 5 "
2023-04-06,09:11:08,00:02:18,"Directe link",Nee,Nee,Nee,Ja,Ja,Ja,Nee,Nee,Nee,Nee,Nee,Nee,Ja,Nee,Nee,"alleen als ze het huisdier dan ook goed behandelen. alleen mensen die dan een test hebben gedaan ofzo zoals hoe je een dier moet behandelen en dan mogen ze een huisdier vind ik"
2023-04-06,09:11:06,00:05:42,"Directe link",Nee,Nee,Nee,Nee,Ja,Ja,Nee,Nee,Nee,Nee,Nee,Ja,Nee,Ja,Nee,"Nee, want er zijn veel mensen die er niet goed voor kunnen zorgen. "
2023-04-06,09:10:51,00:02:46,"Directe link",Nee,Nee,Nee,Ja,Nee,Ja,Nee,Nee,Nee,Nee,Nee,Nee,Ja,Nee,Nee,"ja,Want iedereen is gewoon een mens dus ja behalve als mensen eerder aan dierenmishandelen deed of niet goed voor zijn zorgen"
2023-04-06,09:10:50,00:02:11,"Directe link",Nee,Nee,Nee,Nee,Ja,Ja,Nee,Nee,Nee,Nee,Ja,Nee,Nee,Nee,Nee,"Ja ook als je allergisch bent mag je een huisdier.
Of je nou een Moslim bent of Christelijk het maakt niets uit.
Homo maakt niet uit"
2023-04-06,09:10:47,00:02:05,"Directe link",Nee,Ja,Nee,Nee,Nee,Ja,Nee,Nee,Nee,Nee,Nee,Nee,Ja,Nee,Nee,"iedereen mag een huisdier als ze dat willen maar dan moet je ze wel bgoed behandelen want je gaat geen schattige puppy`s in het leger doen zonder puppy training"
2023-04-06,09:10:37,00:02:09,"Directe link",Nee,Nee,Nee,Nee,Ja,Ja,Nee,Nee,Nee,Nee,Nee,Nee,Ja,Nee,Nee,"Ja eens mits je het dier goed behandeld. "
2023-04-06,09:10:12,00:01:14,"Directe link",Nee,Ja,Nee,Nee,Nee,Ja,Nee,Nee,Nee,Nee,Nee,Nee,Ja,Nee,Nee,"niet iedereen, als je mishandeld dan gewoon nee:)"
2023-04-06,09:09:46,00:02:44,"Directe link",Nee,Nee,Nee,Ja,Nee,Ja,Nee,Nee,Nee,Nee,Nee,Ja,Nee,Nee,Nee,"ja als je er goed voor kan zorgen. "
2023-04-06,09:09:37,00:01:53,"Directe link",Nee,Nee,Nee,Ja,Nee,Nee,Ja,Nee,Nee,Nee,Nee,Nee,Ja,Nee,Nee,"ja dat is waar aleen maar als er wel goed voor zorgen tijd hebben voor het dier genoeg geld voor het dier om spullen te kopen en eten."
2023-04-06,09:09:26,00:01:21,"Directe link",Nee,Nee,Nee,Nee,Ja,Ja,Nee,Nee,Nee,Nee,Nee,Nee,Ja,Nee,Nee,"Alleen als je er goed voor zorgt!!!!!!"
2023-04-06,09:09:16,00:02:47,"Directe link",Nee,Ja,Nee,Nee,Nee,Ja,Nee,Nee,Nee,Nee,Nee,Ja,Nee,Nee,Nee,"je moet er wel voor kunnen zorgen."
2023-04-06,09:09:10,00:03:01,"Directe link",Nee,Nee,Nee,Nee,Ja,Ja,Nee,Nee,Nee,Nee,Nee,Ja,Nee,Nee,Nee,"Als je een dier goed kunt verzorgen, is het prima. Mensen die dieren niet goed verzorgen, hebben geen recht op een huisdier. "
2023-04-06,09:08:56,00:00:59,"Directe link",Ja,Nee,Nee,Nee,Nee,Ja,Nee,Nee,Nee,Nee,Ja,Nee,Nee,Nee,Nee,"je mag zelf kiezen of je een huisdier wilt"
2023-04-06,09:08:47,00:01:22,"Directe link",Nee,Nee,Nee,Nee,Ja,Ja,Nee,Nee,Nee,Nee,Nee,Ja,Nee,Ja,Nee,"Iemand die van zijn huisdier houd en hem goed weet te verzorgen."
2023-04-06,09:08:37,00:02:34,"Directe link",Nee,Nee,Nee,Nee,Ja,Ja,Nee,Nee,Nee,Nee,Nee,Nee,Nee,Ja,Nee,"Ja, alleen als die het dier niet mishandeld
Als het huisdier maar niet de mensen bijt
Je mag je huisdier niet bang maken
"
2023-04-06,09:08:28,00:00:52,"Directe link",Nee,Nee,Nee,Ja,Nee,Ja,Nee,Nee,Nee,Nee,Nee,Nee,Ja,Nee,Nee,"ja "
2023-04-06,09:08:24,00:00:55,"Directe link",Nee,Ja,Nee,Nee,Nee,Ja,Nee,Nee,Nee,Nee,Nee,Nee,Nee,Ja,Nee,"nee sommige mensen gaan er super slecht mee om"
2023-04-06,09:08:13,00:06:07,"Directe link",Nee,Nee,Nee,Nee,Ja,Ja,Nee,Nee,Nee,Nee,Nee,Nee,Ja,Nee,Nee,"Eens, maar ze moeten er goed voor zorgen, het moet een legaal huisdier  zijn en het moet niet alleen gaan om het uiterlijk."
2023-04-06,09:07:43,00:02:59,"Directe link",Nee,Nee,Nee,Nee,Ja,Ja,Nee,Nee,Nee,Nee,Nee,Nee,Ja,Nee,Nee," "
2023-04-06,09:07:33,00:03:37,"Directe link",Nee,Nee,Nee,Nee,Ja,Ja,Nee,Nee,Nee,Nee,Nee,Nee,Nee,Ja,Nee,ja
2023-04-06,09:07:31,00:02:49,"Directe link",Nee,Nee,Nee,Ja,Nee,Ja,Nee,Nee,Nee,Nee,Nee,Nee,Nee,Ja,Nee,"Iedereen heeft het recht om een huisdier te hebben, maar de huisdieren moeten dan wel goed verzorgd worden. "
2023-04-06,09:07:14,00:13:19,"Directe link",Nee,Nee,Nee,Nee,Ja,Ja,Nee,Nee,Nee,Nee,Nee,Ja,Ja,Ja,Nee,"Nee, alleen mensen die genoeg tijd hebben en goed zorgen voor een huisdier. "
2023-04-06,09:07:02,00:05:46,"Directe link",Nee,Nee,Nee,Ja,Nee,Ja,Nee,Nee,Nee,Nee,Ja,Nee,Nee,Nee,Nee,"Iedereen heeft het recht om een huisdier te hebben, maar je moet er wel goed voor kunnen zorgen en je moet er niet allergisch voor zijn. Je moet er van te voren wel heel goed over na gedacht hebben of je het dier voor zijn hele leven kan en wil verzorgen. En je moet er niet bang voor zijn."
2023-04-06,09:06:41,00:04:52,"Directe link",Ja,Nee,Nee,Nee,Ja,Ja,Nee,Nee,Nee,Nee,Nee,Ja,Ja,Nee,Nee,"Ja, als je voor het eerst een huisdier neemt dan wel, maar als je niet goed voor een huisdier zorgt heb je er geen recht op. "
2023-04-06,09:06:09,00:05:12,"Directe link",Nee,Nee,Nee,Nee,Ja,Ja,Nee,Nee,Nee,Nee,Nee,Nee,Ja,Nee,Nee,"Niet de mensen die niet goed zijn voor hun huisdier.
Het is belangrijk dat het een dier is wat bij je past.

"
2023-04-06,09:06:05,00:02:42,"Directe link",Nee,Nee,Ja,Nee,Nee,Ja,Nee,Nee,Nee,Nee,Nee,Nee,Nee,Ja,Nee,"Ligt eraan hoe ze er mee omgaan. En of ze er tijd voor hebben."
2023-04-06,09:06:03,00:02:30,"Directe link",Ja,Nee,Nee,Nee,Nee,Ja,Nee,Nee,Nee,Nee,Nee,Ja,Nee,Nee,Nee,"Mensen die mishandelen hebben geen recht om een huisdier te krijgen. En als je niet in staat bent om het dier te verzorgen."
2023-04-06,09:05:43,00:02:35,"Directe link",Nee,Ja,Nee,Nee,Nee,Nee,Ja,Nee,Nee,Nee,Nee,Nee,Nee,Nee,Ja,"ja en nee want als iemand hem koopt voor iets te doen wat normaal niet mag dan niet en als je hem gaat mishandelen maar als je er veel tijd aan besteed en zorgt dat hij het goed en fijn vind oke"
2023-04-06,09:05:32,00:02:30,"Directe link",Nee,Nee,Nee,Ja,Nee,Ja,Nee,Nee,Nee,Nee,Nee,Nee,Ja,Nee,Nee,"ieddereen mag een huisdier hebben en dat is ook oke want het maakt je gelukkig, maar als je het dier mishandeld, of naar het asiel brengt moet je ook goed nadenken voordat je een huisdier koopt
"
2023-04-06,09:05:24,00:02:01,"Directe link",Nee,Nee,Nee,Nee,Ja,Nee,Ja,Nee,Nee,Nee,Nee,Nee,Nee,Ja,Nee,"niet iedereen want somige mensen gaan er niet goed mee om maar als je er goed mee om kan gaan dan wel"
2023-04-06,09:05:24,00:02:02,"Directe link",Nee,Ja,Nee,Nee,Nee,Ja,Nee,Nee,Nee,Nee,Nee,Nee,Nee,Ja,Ja," ja want best veel mensen kunnen hun gevoelen er bij kwijt "
2023-04-06,09:05:16,00:01:54,"Directe link",Nee,Nee,Ja,Nee,Nee,Ja,Nee,Nee,Nee,Nee,Nee,Nee,Ja,Nee,Nee,"ja
"
2023-04-06,09:05:16,00:02:02,"Directe link",Nee,Ja,Nee,Nee,Nee,Nee,Nee,Ja,Nee,Nee,Nee,Ja,Nee,Nee,Nee,"ja je hebt recht om een huisdier te hebben maar dan moet je hem wel goed verzorgen"
2023-04-06,09:05:13,00:02:19,"Directe link",Nee,Nee,Nee,Ja,Nee,Ja,Nee,Nee,Nee,Nee,Nee,Nee,Ja,Nee,Nee,"ja,ik vind van wel want iedereen mag wel een beetje gezelligheid mag en kan gebruiken"
2023-04-06,09:05:12,00:02:12,"Directe link",Nee,Nee,Nee,Nee,Ja,Ja,Nee,Nee,Nee,Nee,Nee,Nee,Nee,Ja,Nee,"Als je een huisdier wil hebben moet je er eerst over na denken .
Maar iedereen heeft inderdaad het recht om er een te hebben ."
2023-04-06,09:05:05,00:01:57,"Directe link",Nee,Ja,Nee,Nee,Nee,Ja,Nee,Nee,Nee,Nee,Nee,Nee,Ja,Nee,Nee,"als dat persoon er een wil ja anders niet"
2023-04-06,09:05:03,00:01:54,"Directe link",Nee,Nee,Nee,Ja,Nee,Ja,Nee,Nee,Nee,Nee,Nee,Nee,Nee,Ja,Nee,"ja maar je moet er dan wel goed voor zorgen"
2023-04-06,09:05:02,00:02:02,"Directe link",Nee,Nee,Nee,Ja,Nee,Ja,Nee,Nee,Nee,Nee,Nee,Nee,Nee,Nee,Ja,"Als je dat wil, mag je een huisdier hebben. Maar het moet natuurlijk niet.
Ik vind dat iedereen recht heeft op een huisdier omdat hij/zij troost geeft in moeilijke tijden. Dat vind denk ik bijna iedereen fijn."
2023-04-06,09:05:02,00:02:06,"Directe link",Ja,Nee,Nee,Nee,Nee,Ja,Nee,Nee,Nee,Nee,Nee,Ja,Nee,Nee,Nee,"niet een want sommige mensen doen met huisdieren slechte dingen bijvoorbeeld katten worden gebruikt om ratten weg te jagen"
2023-04-06,09:04:59,00:02:00,"Directe link",Nee,Nee,Nee,Ja,Nee,Ja,Nee,Nee,Nee,Nee,Nee,Nee,Nee,Ja,Nee,"nee want sommige mensen hebben helemaal geen plek thuis en dan is dat niet fijn voor de dieren bijvoorbeeld de hond dus je moet wel er ruimte voor hebben "
2023-04-06,09:04:58,00:01:34,"Directe link",Nee,Nee,Nee,Ja,Nee,Ja,Nee,Nee,Nee,Nee,Nee,Nee,Nee,Ja,Nee,"eens want een huisdier is leuk voor iedereen"
2023-04-06,09:04:58,00:04:41,"Directe link",Nee,Nee,Nee,Nee,Ja,Ja,Nee,Nee,Nee,Nee,Nee,Ja,Nee,Nee,Nee,"Het verschilt hoe wij er als klas tegenaan kijken.  Ja, want dat is gezellig en je hoeft niet te vervelen. Nee, omdat je wel tijd moet vrij maken voor een huisdier √©n er goed voor moet kunnen zorgen. "
2023-04-06,09:04:55,00:01:42,"Directe link",Nee,Nee,Nee,Ja,Nee,Ja,Nee,Nee,Nee,Nee,Nee,Nee,Ja,Nee,Nee,"mee eens"
2023-04-06,09:04:52,00:01:45,"Directe link",Nee,Nee,Nee,Ja,Nee,Ja,Nee,Nee,Nee,Nee,Nee,Nee,Ja,Nee,Nee,"Ja, want huisdieren zijn leuk en gezellig maar, als je het niet wil snap ik wel bijv. Als je het heel druk hebt."
2023-04-06,09:04:50,00:01:25,"Directe link",Nee,Nee,Nee,Nee,Ja,Ja,Nee,Nee,Nee,Nee,Ja,Nee,Nee,Nee,Nee,"Eens behalve, als je hem voor 1 ding nodig hebt of niet goe voor hem zorgt."
2023-04-06,09:04:48,00:01:42,"Directe link",Nee,Nee,Nee,Ja,Nee,Ja,Nee,Nee,Nee,Nee,Nee,Nee,Nee,Ja,Nee,"ja maar je moet er wel goed voor zorgen en aandacht geven"
2023-04-06,09:04:41,00:01:51,"Directe link",Nee,Nee,Nee,Ja,Nee,Ja,Nee,Nee,Nee,Nee,Nee,Nee,Ja,Nee,Nee,"ja maar je moet wel er het dier wel goed kunnen verzorgen en er tijd voor hebben"
2023-04-06,09:04:24,00:01:28,"Directe link",Nee,Nee,Nee,Ja,Nee,Ja,Nee,Nee,Nee,Nee,Nee,Ja,Nee,Nee,Nee,"Ja! Maar alleen als diegene het ook wilt.üêï"
2023-04-06,09:04:22,00:01:12,"Directe link",Ja,Nee,Nee,Nee,Nee,Ja,Nee,Nee,Nee,Nee,Nee,Nee,Nee,Nee,Ja,"ja,maar je moet wel weten wat je doet met een huisdier."
2023-04-06,09:04:19,00:01:20,"Directe link",Nee,Nee,Nee,Ja,Nee,Ja,Nee,Nee,Nee,Nee,Nee,Ja,Nee,Nee,Nee,"als het gezin het leuk vind wel anders niet."
2023-04-06,09:04:18,00:01:11,"Directe link",Nee,Nee,Nee,Ja,Nee,Nee,Ja,Nee,Nee,Nee,Nee,Nee,Nee,Nee,Ja,"als ze weten hoe je het moet verzorgen"
2023-04-06,09:04:14,00:01:21,"Directe link",Nee,Nee,Nee,Ja,Nee,Ja,Nee,Nee,Nee,Nee,Nee,Nee,Nee,Ja,Nee,"Nee, als hij/zij allergisch is, dan wil hij/zij het dier niet, en het is best wel zielig."
2023-04-06,09:04:09,00:01:17,"Directe link",Nee,Ja,Nee,Nee,Nee,Ja,Nee,Nee,Nee,Nee,Ja,Nee,Nee,Nee,Nee,"ja omdat iedereen mag een huisdier hebben"
2023-04-06,09:04:03,00:00:57,"Directe link",Nee,Nee,Nee,Ja,Nee,Ja,Nee,Nee,Nee,Nee,Nee,Nee,Nee,Nee,Ja,"ja maar wel als je er goed mee omgaat anders vind ik van niet"
2023-04-06,09:03:57,00:01:02,"Directe link",Nee,Ja,Nee,Nee,Nee,Nee,Nee,Nee,Ja,Nee,Nee,Ja,Nee,Nee,Nee,"Helemaal eens"
2023-04-06,09:03:49,00:00:32,"Directe link",Nee,Nee,Nee,Nee,Ja,Ja,Nee,Nee,Nee,Nee,Ja,Nee,Nee,Nee,Nee,"ja behalefen als je een alergie hebt"
2023-04-06,09:03:47,00:02:45,"Directe link",Nee,Nee,Nee,Nee,Ja,Ja,Nee,Nee,Nee,Nee,Ja,Nee,Nee,Nee,Nee,"ja, omdat het goed voor iemand is om een leuk huisdier erbij te hebben.
Als je geen relatie hebt, ben je niet zo alleen."
2023-04-06,09:03:39,00:00:52,"Directe link",Nee,Nee,Nee,Nee,Ja,Ja,Nee,Nee,Nee,Nee,Nee,Ja,Nee,Nee,Nee,"helemaal eens"
2023-04-06,09:03:29,00:03:09,"Directe link",Nee,Nee,Nee,Ja,Nee,Ja,Nee,Nee,Nee,Nee,Nee,Nee,Ja,Nee,Nee,ja
2023-04-06,09:03:25,00:03:38,"Directe link",Nee,Ja,Nee,Nee,Nee,Ja,Nee,Nee,Nee,Nee,Nee,Ja,Nee,Nee,Nee,"eten "
2023-04-06,09:03:21,00:02:10,"Directe link",Nee,Nee,Nee,Nee,Ja,Ja,Nee,Nee,Nee,Nee,Nee,Nee,Ja,Nee,Nee,"Ja, behalve mensen die dieren slecht behandelen."
2023-04-06,09:03:18,00:03:51,"Directe link",Nee,Nee,Nee,Nee,Ja,Ja,Nee,Nee,Nee,Nee,Nee,Nee,Ja,Nee,Nee,"Ligt eraan welk huisdier.
Je moet goed voor je huisdier zorgen als je dat niet kan mag je geen huisdier.
Je moet tijd hebben voor je huisdier.
Je huisdier moet een veilige omgeving hebben."
2023-04-06,09:03:11,00:06:06,"Directe link",Nee,Nee,Nee,Nee,Ja,Ja,Nee,Nee,Nee,Nee,Nee,Nee,Nee,Nee,Ja,"In eerste instantie heeft iedereen er recht op maar als iemand een dier verwaarloost dan niet meer. "
2023-04-06,09:02:45,00:02:48,"Directe link",Nee,Nee,Nee,Ja,Nee,Ja,Nee,Nee,Nee,Nee,Nee,Nee,Ja,Nee,Nee,"ja, ik vindt dat iedereen recht heeft op een huisdier.
behalve natuurlijk als je er nog niet klaar voor bent of niet goed weet hoe je met een huisdier om moet gaan."
2023-04-06,09:02:35,00:02:32,"Directe link",Nee,Nee,Ja,Nee,Nee,Ja,Nee,Nee,Nee,Nee,Nee,Ja,Nee,Nee,Nee,"ja, maar als je het niet wilt dan is het ook ok"
2023-04-06,09:02:33,00:02:29,"Directe link",Nee,Nee,Nee,Ja,Nee,Ja,Nee,Nee,Nee,Nee,Ja,Ja,Nee,Nee,Nee,"Ja, alleen als diegene het ook wilt. Als je het namelijk niet wilt, heb je er geen behoefte aan om voor het dier te zorgen. En ik vind dat elk dier recht heeft op een goed leven."
2023-04-06,09:02:33,00:03:55,"Directe link",Nee,Nee,Nee,Ja,Nee,Nee,Nee,Nee,Ja,Nee,Nee,Nee,Nee,Ja,Nee,"eens. "
2023-04-06,09:02:26,00:02:41,"Directe link",Nee,Nee,Ja,Nee,Nee,Ja,Nee,Nee,Nee,Nee,Nee,Ja,Nee,Ja,Nee,"Ja, iedereen heeft het recht."
2023-04-06,09:02:21,00:04:33,"Directe link",Nee,Nee,Nee,Nee,Ja,Ja,Nee,Nee,Nee,Nee,Nee,Nee,Nee,Nee,Ja,"Niet iedereen. Alleen als het dier juist behandeld kan worden."
2023-04-06,09:02:16,00:02:26,"Directe link",Nee,Nee,Nee,Ja,Nee,Ja,Nee,Nee,Nee,Nee,Ja,Nee,Nee,Nee,Nee,"als je het zelf wil en niet als je het niet wil want dan ga je zelf het dier ook geen aandacht geven en dan mishandel je het dier ¬´NOA¬ª"
2023-04-06,09:02:03,00:01:24,"Directe link",Nee,Ja,Nee,Nee,Nee,Ja,Nee,Nee,Nee,Nee,Ja,Nee,Nee,Nee,Nee,"niet als je allergisch bent of het niet fijn vind maar zelf vind ik het wel fijn om een huisdier te hebben omdat dan ben je nieg altijd alleen"
2023-04-06,09:01:51,00:01:25,"Directe link",Nee,Nee,Nee,Ja,Nee,Ja,Nee,Nee,Nee,Nee,Nee,Nee,Ja,Nee,Nee,"ze mogen het zelf bepalen of ze een huisdier willen"
2023-04-06,09:01:44,00:02:07,"Directe link",Nee,Nee,Nee,Ja,Nee,Nee,Nee,Nee,Ja,Nee,Nee,Nee,Nee,Nee,Ja,"ik vind van wel maar je moet het wel willen, stel je krijgt een huisdier cadeau van iemand en je wilt dat niet dan zit je met een huisdier die je niet wilt dus ik zou wel eerst toestemming vragen."
2023-04-06,09:01:37,00:01:17,"Directe link",Nee,Ja,Nee,Nee,Nee,Ja,Nee,Nee,Nee,Nee,Ja,Nee,Nee,Nee,Nee,"nee niet iedereen alleen mensen die tijd geduld en ruimte er voor hebben"
2023-04-06,09:01:35,00:01:49,"Directe link",Nee,Nee,Nee,Ja,Nee,Nee,Ja,Nee,Nee,Nee,Nee,Ja,Nee,Nee,Nee,"ja "
2023-04-06,09:01:31,00:01:25,"Directe link",Nee,Nee,Ja,Nee,Nee,Nee,Nee,Nee,Nee,Ja,Ja,Nee,Nee,Nee,Nee,"Ja "
2023-04-06,09:01:29,00:01:53,"Directe link",Nee,Nee,Nee,Ja,Nee,Ja,Nee,Nee,Nee,Nee,Nee,Ja,Nee,Nee,Nee,"iedereen heeft recht op een huisdier maar als je niet goed met dieren om kan gaan moet er een verbod komen voor diegene die mag dan geen huisdieren meer hebben"
2023-04-06,09:01:26,00:01:36,"Directe link",Nee,Ja,Nee,Nee,Nee,Ja,Nee,Nee,Nee,Nee,Nee,Ja,Nee,Nee,Nee,"als je het wilt dan ja als je het niet wilt moet je het niet doen"
2023-04-06,09:01:26,00:01:37,"Directe link",Nee,Nee,Ja,Nee,Nee,Ja,Nee,Nee,Nee,Nee,Nee,Ja,Nee,Nee,Nee,"alleen als je het dier goed kan verzorgen."
2023-04-06,09:01:24,00:01:47,"Directe link",Nee,Nee,Nee,Ja,Nee,Nee,Ja,Nee,Nee,Nee,Nee,Nee,Nee,Nee,Ja,"ja als hij/zij dat wil"
2023-04-06,09:01:23,00:01:40,"Directe link",Nee,Nee,Nee,Ja,Nee,Ja,Nee,Nee,Nee,Nee,Nee,Ja,Nee,Nee,Nee,"ik ben daar niet mee eens want somige mensen kunnen niet met dieren om gaan maar de meeste mensen wel."
2023-04-06,09:01:21,00:00:46,"Directe link",Nee,Nee,Nee,Ja,Nee,Ja,Nee,Nee,Nee,Nee,Ja,Nee,Nee,Nee,Nee,"dat is waar als ze dat willen."
2023-04-06,09:01:20,00:01:38,"Directe link",Nee,Nee,Nee,Nee,Ja,Nee,Ja,Nee,Nee,Nee,Nee,Nee,Nee,Nee,Ja,"ja wat je wil"
2023-04-06,09:01:19,00:01:50,"Directe link",Nee,Nee,Nee,Nee,Ja,Ja,Nee,Nee,Nee,Nee,Nee,Ja,Nee,Nee,Nee,"Ja ik vind van wel, Als de eigenaar er goed mee om kan gaan en kan verzorgen niet dat hij alleen thuis is."
2023-04-06,09:01:16,00:01:38,"Directe link",Nee,Ja,Nee,Nee,Nee,Ja,Nee,Nee,Nee,Nee,Nee,Nee,Nee,Nee,Ja,"ja, als ze er maar normaal mee omgaan en gewoon op een normale manier verzorgen"
2023-04-06,09:01:14,00:00:51,"Directe link",Nee,Ja,Nee,Nee,Nee,Ja,Nee,Nee,Nee,Nee,Ja,Nee,Nee,Nee,Nee,"helemaal eens"
2023-04-06,09:01:12,00:04:12,"Directe link",Nee,Nee,Nee,Ja,Nee,Ja,Nee,Nee,Nee,Nee,Nee,Nee,Nee,Ja,Nee,"Ja, maar mensen moeten er wel goed voor zorgen. Als dat niet gebeurt, heb je geen recht op een huisidier."
2023-04-06,09:01:10,00:02:46,"Directe link",Nee,Nee,Nee,Nee,Ja,Ja,Nee,Nee,Ja,Nee,Ja,Ja,Nee,Ja,Ja,"Alleen als je er tijd, ruimte, liefde voor hebt en ook als je er goed voor kan zorgen. "
2023-04-06,09:00:59,00:00:42,"Directe link",Nee,Nee,Nee,Nee,Ja,Ja,Nee,Nee,Nee,Nee,Nee,Nee,Ja,Nee,Nee,"ja mee eens"
2023-04-06,09:00:59,00:01:20,"Directe link",Nee,Ja,Nee,Nee,Nee,Ja,Nee,Nee,Nee,Nee,Nee,Nee,Nee,Nee,Ja,"ja als die gene er goed voor kan zorgen"
2023-04-06,09:00:59,00:01:23,"Directe link",Nee,Nee,Nee,Ja,Nee,Ja,Nee,Nee,Nee,Nee,Nee,Nee,Nee,Nee,Ja,"Ja maar niet iedereen wil een huisdier hebben."
2023-04-06,09:00:55,00:01:13,"Directe link",Nee,Nee,Nee,Ja,Nee,Ja,Nee,Nee,Nee,Nee,Ja,Nee,Nee,Nee,Nee,"je moet het wel kunnen betalen, eten dierenarts"
2023-04-06,09:00:46,00:05:07,"Directe link",Nee,Nee,Nee,Nee,Ja,Ja,Nee,Nee,Nee,Nee,Nee,Ja,Nee,Nee,Nee,"Elk huisdier heeft recht op een lief baasje, maar niet elk mens heeft ook recht op een dier. Het dier moet goed verzorgd worden. "
2023-04-06,09:00:43,00:07:54,"Directe link",Nee,Nee,Nee,Ja,Nee,Ja,Nee,Nee,Nee,Nee,Nee,Nee,Nee,Ja,Nee,"Ja, iedereen heeft het recht om een huisdier te hebben, als je er zelf voor kiest en er dus ook goed voor kunt zorgen. Volwassenen moeten wel de uiteindelijke keus maken. We vinden wel dat alle benodigdheden voor huisdieren goedkoper moeten worden dan dat ze nu zijn. Dit geeft meer mensen en kinderen de kans om een huisdier te nemen.
Van groep 6B van Basisschool De Zon uit De Kwakel."
2023-04-06,09:00:42,00:00:57,"Directe link",Nee,Ja,Ja,Ja,Nee,Ja,Nee,Nee,Nee,Nee,Nee,Ja,Ja,Nee,Nee,"niet iedereen want sommige hebben een allergie"
2023-04-06,09:00:38,00:06:31,"Directe link",Nee,Nee,Nee,Ja,Nee,Ja,Nee,Nee,Nee,Nee,Nee,Nee,Nee,Nee,Ja,"Ja, in principe wel, maar je moet er wel heel goed voor zorgen. "
2023-04-06,09:00:18,00:05:22,"Directe link",Nee,Nee,Nee,Ja,Nee,Ja,Nee,Nee,Nee,Nee,Nee,Nee,Nee,Nee,Ja,"Ja, als ze er goed voor zorgen!"
2023-04-06,09:00:06,00:02:24,"Directe link",Nee,Nee,Nee,Ja,Ja,Ja,Nee,Nee,Nee,Nee,Nee,Nee,Nee,Ja,Nee,"Alleen de mensen die hun dieren goed behandelen"
2023-04-06,08:59:52,00:08:21,"Directe link",Nee,Nee,Nee,Nee,Ja,Nee,Ja,Nee,Nee,Nee,Nee,Ja,Nee,Nee,Nee,"Als jer goed voor kunt zorgen.
"
2023-04-06,08:59:36,00:00:27,"Directe link",Nee,Ja,Nee,Nee,Nee,Ja,Nee,Nee,Nee,Nee,Nee,Nee,Ja,Nee,Nee,poep
2023-04-06,08:59:33,00:02:30,"Directe link",Ja,Nee,Ja,Nee,Ja,Ja,Nee,Nee,Nee,Nee,Nee,Nee,Nee,Nee,Ja,"Ja, als je er goed voor kunt zorgen.
Maar als je weet dat je er niet goed voor kunt zorgen of er geen tijd of geld voor hebt, moet je ook geen huisdier nemen. 
Sommige mensen zijn allergisch, dus die kunnen sowieso geen huisdier nemen (behalve dan anti-allergeen dieren ;-))"
2023-04-06,08:59:27,00:03:35,"Directe link",Nee,Nee,Ja,Nee,Nee,Ja,Nee,Nee,Nee,Nee,Nee,Nee,Ja,Nee,Nee,"Ja, maar iedereen moet zich er wel van bewust zijn dat ze voor het huisdier kunnen en willen zorgen. "
2023-04-06,08:59:20,00:01:22,"Directe link",Nee,Ja,Nee,Nee,Nee,Ja,Nee,Nee,Nee,Nee,Ja,Nee,Nee,Nee,Nee,ja
2023-04-06,08:58:35,00:01:25,"Directe link",Nee,Nee,Nee,Nee,Ja,Ja,Nee,Nee,Nee,Nee,Nee,Nee,Nee,Nee,Ja,"Nee want sommige mensen kunnen niet met dieren omgaan en dat is zielig "
2023-04-06,08:58:27,00:03:11,"Directe link",Nee,Nee,Nee,Ja,Nee,Ja,Nee,Nee,Nee,Nee,Nee,Nee,Nee,Ja,Nee,"Sommige mensen zorgen niet goed voor hun dieren"
2023-04-06,08:58:22,00:04:15,"Directe link",Nee,Nee,Ja,Nee,Nee,Ja,Nee,Nee,Nee,Nee,Nee,Ja,Nee,Nee,Nee,ja
2023-04-06,08:58:02,00:03:00,"Directe link",Nee,Nee,Nee,Nee,Ja,Ja,Nee,Nee,Nee,Nee,Nee,Nee,Nee,Ja,Nee,"Als je weinig geld hebt, heb je misschien geen geld om hem te verzorgen. Je moet wel tijd en geld hebben om het dier te verzorgen. "
2023-04-06,08:56:50,00:06:17,"Directe link",Nee,Nee,Nee,Ja,Nee,Ja,Nee,Nee,Nee,Nee,Nee,Nee,Nee,Nee,Ja,"iemand moet oud en wijs genoeg zijn om het dier te verzorgen"
2023-04-06,08:56:43,00:04:22,"Directe link",Nee,Nee,Nee,Nee,Ja,Ja,Nee,Nee,Nee,Nee,Nee,Ja,Nee,Nee,Nee,"Iedereen heeft het recht om een huisdier te hebben, maar niet als je ze koopt om ze pijn te doen, of als je er niet goed voor kan zorgen."
2023-04-06,08:56:41,00:04:24,"Directe link",Nee,Nee,Nee,Nee,Ja,Ja,Nee,Nee,Nee,Nee,Nee,Nee,Nee,Ja,Nee,"Niet mee eens, want mensen kunnen ook verkeerde dingen doen met het dier.
Wel mee eens, want iedereen mag een vriendje hebben om mee te spelen."
2023-04-06,08:55:23,00:03:58,"Directe link",Nee,Nee,Nee,Nee,Ja,Ja,Nee,Nee,Nee,Nee,Nee,Nee,Nee,Nee,Ja,"Iedereen heeft het recht"
2023-04-06,08:53:53,00:03:47,"Directe link",Nee,Ja,Nee,Nee,Nee,Ja,Nee,Nee,Nee,Nee,Nee,Ja,Nee,Nee,Nee,"Nou als je er goed mee om kan gaan, dan is het goed, maar als je heb echt zeer doet enz. Dan niet."
2023-04-06,08:53:50,00:06:47,"Directe link",Nee,Ja,Nee,Nee,Ja,Ja,Nee,Nee,Nee,Nee,Nee,Nee,Ja,Nee,Nee,"met een goede voorbereiding wel
ligt aan je leefomstandigheden
huisdier heeft recht op aandacht en goede verzorging
"
2023-04-06,08:53:27,00:02:45,"Directe link",Nee,Nee,Ja,Nee,Nee,Ja,Nee,Nee,Nee,Nee,Ja,Nee,Nee,Nee,Nee,"ja wat het is leuk en gezellig om er mee te spelen en te knuffelen."
2023-04-06,08:53:22,00:01:25,"Directe link",Nee,Ja,Nee,Nee,Nee,Nee,Nee,Ja,Nee,Nee,Ja,Nee,Nee,Nee,Nee,"Behalve mensen die hebben hun dieren mishandelen"
2023-04-06,08:53:12,00:01:57,"Directe link",Nee,Nee,Nee,Ja,Nee,Ja,Nee,Nee,Nee,Nee,Ja,Nee,Nee,Nee,Nee,"ja behalfe als je ze mishandelt"
2023-04-06,08:52:54,00:06:36,"Directe link",Nee,Nee,Nee,Ja,Nee,Ja,Nee,Nee,Nee,Nee,Nee,Nee,Nee,Nee,Ja,"Iedereen heeft recht op een huisdier maar je moet er wel goed voor zorgen "
2023-04-06,08:52:48,00:01:31,"Directe link",Nee,Nee,Nee,Nee,Ja,Ja,Nee,Nee,Nee,Nee,Nee,Ja,Nee,Nee,Nee,"ja\"
2023-04-06,08:52:47,00:04:16,Directe link""",,Nee,Nee,Nee,Nee,Ja,Ja,Nee,Nee,Nee,Nee,Nee,Nee,Ja,Nee,Nee,"Ja, maar dan moeten er wel duidelijke regels zijn voor het hebben en houden van huisdieren "
2023-04-06,08:52:44,00:01:25,"Directe link",Nee,Ja,Nee,Nee,Nee,Ja,Nee,Nee,Nee,Nee,Nee,Nee,Ja,Nee,Nee,"ja iedereen mag een huisdier hebben als je ze maar goed verzorgt"
2023-04-06,08:52:44,00:01:58,"Directe link",Nee,Nee,Nee,Nee,Ja,Ja,Nee,Nee,Nee,Nee,Nee,Ja,Nee,Ja,Nee,"bijna iederen je moet er wel voor kunnen zorgen"
2023-04-06,08:52:44,00:10:15,"Directe link",Nee,Nee,Nee,Nee,Ja,Ja,Nee,Nee,Nee,Nee,Nee,Nee,Nee,Nee,Ja,"Iedereen heeft het recht een huisdier te hebben mits ze er goed voor zorgen."
2023-04-06,08:52:32,00:01:54,"Directe link",Nee,Nee,Ja,Nee,Nee,Ja,Nee,Nee,Nee,Nee,Nee,Ja,Nee,Nee,Nee,"ja want van dieren wordt je vaak gelukkig"
2023-04-06,08:52:22,00:01:50,"Directe link",Nee,Nee,Nee,Nee,Ja,Ja,Nee,Nee,Nee,Nee,Nee,Nee,Ja,Nee,Nee,"dat klopt want als de eene zegt jij mag geen huisdier
dan moet de andere het negeren je mag het gewoon doen."
2023-04-06,08:52:20,00:01:08,"Directe link",Nee,Ja,Nee,Nee,Nee,Nee,Nee,Nee,Nee,Ja,Nee,Ja,Nee,Nee,Nee,"Jus cuz it is really leuk and you can speel with het"
2023-04-06,08:52:20,00:02:20,"Directe link",Nee,Nee,Ja,Nee,Nee,Nee,Nee,Nee,Nee,Ja,Nee,Nee,Nee,Nee,Ja,"Nee, want je hoeft niet perse huisdier te hebben"
2023-04-06,08:52:14,00:02:15,"Directe link",Nee,Ja,Nee,Nee,Nee,Nee,Nee,Ja,Nee,Nee,Ja,Nee,Nee,Nee,Nee,"je mag het zelf weten"
2023-04-06,08:52:09,00:01:34,"Directe link",Nee,Nee,Nee,Ja,Nee,Ja,Nee,Nee,Nee,Nee,Nee,Ja,Nee,Nee,Nee,"Ja "
2023-04-06,08:51:54,00:01:03,"Directe link",Nee,Nee,Nee,Nee,Ja,Nee,Nee,Nee,Ja,Nee,Nee,Nee,Nee,Nee,Ja,"Nee, dat hoeft niet"
2023-04-06,08:51:53,00:02:51,"Directe link",Nee,Nee,Nee,Nee,Ja,Ja,Nee,Nee,Nee,Nee,Nee,Nee,Nee,Ja,Nee,"wel als je hem goed verzorgd"
2023-04-06,08:51:51,00:07:23,"Directe link",Nee,Nee,Nee,Nee,Ja,Ja,Nee,Nee,Nee,Nee,Nee,Ja,Nee,Nee,Nee,"ja, tenzij het dier er onder lijdt"
2023-04-06,08:51:32,00:00:35,"Directe link",Nee,Nee,Nee,Nee,Ja,Ja,Nee,Nee,Nee,Nee,Nee,Nee,Ja,Nee,Nee,ja
2023-04-06,08:51:31,00:03:19,"Directe link",Ja,Nee,Nee,Nee,Nee,Ja,Nee,Nee,Nee,Nee,Ja,Nee,Nee,Nee,Nee,"Nee, alleen de mensen die er goed voor kunnen zorgen"
2023-04-06,08:51:20,00:00:56,"Directe link",Nee,Ja,Nee,Nee,Nee,Ja,Nee,Nee,Nee,Nee,Ja,Nee,Nee,Nee,Nee,"ja ik vind van wel"
2023-04-06,08:51:19,00:02:24,"Directe link",Nee,Nee,Nee,Nee,Ja,Ja,Nee,Nee,Nee,Nee,Nee,Nee,Nee,Ja,Nee,"Nee, want het moet wel zo zijn dat je het dier goed behandeld. Doe je dat niet, dan heb je geen recht op een huisdier."
2023-04-06,08:51:18,00:01:03,"Directe link",Nee,Nee,Nee,Ja,Nee,Ja,Nee,Nee,Nee,Nee,Nee,Ja,Nee,Nee,Nee,"Sommige mensen hebben niet genoeg geld"
2023-04-06,08:51:07,00:05:06,"Directe link",Nee,Nee,Nee,Ja,Nee,Ja,Nee,Nee,Nee,Nee,Nee,Ja,Nee,Nee,Nee,"Ja, als ze er goed voor zorgen. Je moet wel echt graag een huisdier willen hebben. We leven in een vrij land. Genoeg tijd en geld hebben."
2023-04-06,08:50:56,00:04:06,"Directe link",Nee,Ja,Nee,Nee,Nee,Ja,Nee,Nee,Nee,Nee,Nee,Nee,Nee,Ja,Nee,"ja, als je weet wat je er voor moet doen. Verantwoordelijkheden"
2023-04-06,08:50:50,00:00:49,"Directe link",Nee,Ja,Nee,Nee,Nee,Ja,Nee,Nee,Nee,Nee,Ja,Nee,Nee,Nee,Nee,"ja want ze zijn gezellig"
2023-04-06,08:50:45,00:06:32,"Directe link",Nee,Nee,Ja,Nee,Nee,Ja,Nee,Nee,Nee,Nee,Nee,Nee,Nee,Ja,Nee,"ja, als deze goed verzorgd worden. anders een training volgen waarin dit geleerd wordt"
2023-04-06,08:50:38,00:01:58,"Directe link",Nee,Nee,Nee,Nee,Ja,Ja,Nee,Nee,Nee,Nee,Nee,Nee,Nee,Ja,Nee,ja
2023-04-06,08:50:32,00:01:00,"Directe link",Nee,Nee,Ja,Nee,Nee,Nee,Nee,Nee,Ja,Nee,Nee,Ja,Nee,Nee,Nee,Ja
2023-04-06,08:49:57,00:21:42,"Directe link",Nee,Nee,Nee,Nee,Ja,Ja,Nee,Nee,Nee,Nee,Nee,Nee,Nee,Ja,Nee,"Ja, zolang het dier maar goed verzorgd wordt, er genoeg geld is, je genoeg tijd kan besteden aan het dier en het dier genoeg ruimte krijgt"
2023-04-06,08:49:31,00:04:37,"Directe link",Nee,Nee,Nee,Ja,Nee,Ja,Nee,Nee,Nee,Nee,Nee,Nee,Nee,Ja,Nee,ja
2023-04-06,08:49:25,00:03:36,"Directe link",Nee,Nee,Nee,Nee,Ja,Ja,Nee,Nee,Nee,Nee,Nee,Ja,Nee,Nee,Nee,"Ja, alle mensen hebben het recht om een huisdier te hebben, behalve mensen die hun huisdier pijn doen."
2023-04-06,08:49:13,00:03:01,"Directe link",Nee,Nee,Nee,Nee,Ja,Ja,Nee,Nee,Nee,Nee,Ja,Nee,Nee,Nee,Nee,"nee want er zijn zat mensen die hun dier op straat gooien en ze heel slecht verzorgen maar er zijn ook goenoeg mensen die het wel goed doen en ze liefde geven en ik hoop dat de mesen met liefde voor de dieren er veel meer zijn"
2023-04-06,08:49:08,00:08:37,"Directe link",Nee,Nee,Nee,Nee,Ja,Ja,Ja,Nee,Nee,Nee,Ja,Ja,Ja,Ja,Ja,"ja mits je ervoor kunt zorgen"
2023-04-06,08:48:50,00:02:37,"Directe link",Nee,Nee,Ja,Nee,Nee,Ja,Nee,Nee,Nee,Nee,Ja,Nee,Nee,Nee,Nee,"ja iedereen heeft recht het ligt er wel aan of je allergien hebt want dan moet je even doorzoeken naar een ander dier ook moeten de verkopers er goed op letten of hij een goed huisje heeft "
2023-04-06,08:48:50,00:02:37,"Directe link",Nee,Nee,Nee,Ja,Nee,Nee,Ja,Nee,Nee,Nee,Nee,Nee,Nee,Ja,Nee,"ja
"
2023-04-06,08:48:28,00:02:14,"Directe link",Nee,Nee,Nee,Nee,Ja,Ja,Nee,Nee,Nee,Nee,Nee,Ja,Nee,Nee,Nee,"ja omdat iedereen recht heeft op gezelschap"
2023-04-06,08:48:19,00:06:43,"Directe link",Nee,Nee,Nee,Nee,Ja,Ja,Nee,Nee,Nee,Nee,Ja,Ja,Nee,Nee,Nee,"Ja, maar je moet er wel voor kunnen zorgen."
2023-04-06,08:48:18,00:02:03,"Directe link",Nee,Nee,Nee,Nee,Ja,Ja,Nee,Nee,Nee,Nee,Nee,Nee,Ja,Nee,Nee,"niet iedereen"
2023-04-06,08:48:16,00:02:04,"Directe link",Nee,Ja,Nee,Nee,Nee,Nee,Ja,Nee,Nee,Nee,Nee,Nee,Ja,Nee,Nee,"nee sommige mensen zijn te vaak weg en kunnen daarom niet voor hun dier(en) zorgen"
2023-04-06,08:48:11,00:01:21,"Directe link",Ja,Nee,Nee,Nee,Nee,Ja,Nee,Nee,Nee,Nee,Nee,Nee,Nee,Nee,Ja,"nee, want niet iedereen kan er even goed voor zorgen"
2023-04-06,08:48:01,00:01:03,"Directe link",Nee,Nee,Nee,Nee,Ja,Nee,Ja,Nee,Nee,Nee,Ja,Nee,Nee,Nee,Ja,Ja
2023-04-06,08:48:01,00:01:45,"Directe link",Nee,Nee,Nee,Nee,Ja,Ja,Nee,Nee,Nee,Nee,Nee,Ja,Nee,Nee,Nee,"soms wel maar als mensen het niet goed kunnen betalen dan is het minder leuk voor de hond"
2023-04-06,08:47:45,00:01:32,"Directe link",Nee,Nee,Nee,Ja,Nee,Nee,Ja,Nee,Nee,Nee,Nee,Ja,Nee,Nee,Nee,"ja een beetje als je rare dingen gaat doen niet"
2023-04-06,08:47:38,00:01:20,"Directe link",Ja,Nee,Nee,Nee,Nee,Nee,Ja,Nee,Nee,Nee,Ja,Nee,Nee,Nee,Nee,"ja wand ze zijn gezellig"
2023-04-06,08:47:36,00:01:22,"Directe link",Nee,Nee,Ja,Nee,Nee,Ja,Nee,Nee,Nee,Nee,Nee,Ja,Nee,Nee,Nee,ja
2023-04-06,08:47:35,00:01:20,"Directe link",Nee,Nee,Nee,Nee,Ja,Ja,Nee,Nee,Nee,Nee,Nee,Nee,Ja,Nee,Nee,"Ja dat vind ik wel maar niet als het mishandelaars zijn"
2023-04-06,08:47:33,00:01:18,"Directe link",Nee,Ja,Nee,Nee,Nee,Ja,Nee,Nee,Nee,Nee,Nee,Ja,Nee,Nee,Nee,"als je normaal doet en lievde hebt voor je huisdier wel
"
2023-04-06,08:47:32,00:01:17,"Directe link",Nee,Nee,Ja,Nee,Nee,Nee,Ja,Nee,Nee,Nee,Ja,Nee,Nee,Nee,Nee,"ja want als je een huis dier hebt ben je vaak gelukig"
2023-04-06,08:47:31,00:01:17,"Directe link",Nee,Nee,Nee,Nee,Ja,Ja,Nee,Nee,Nee,Nee,Nee,Ja,Nee,Nee,Nee,"nee aleen mensen die er goed mee om kunnen gaan"
2023-04-06,08:47:29,00:01:12,"Directe link",Nee,Nee,Ja,Nee,Nee,Ja,Nee,Nee,Nee,Nee,Nee,Ja,Nee,Nee,Nee,"ik vind dat je het zelf mag weten"
2023-04-06,08:47:27,00:01:11,"Directe link",Nee,Nee,Nee,Nee,Ja,Nee,Nee,Ja,Nee,Nee,Nee,Nee,Nee,Ja,Nee,"het mag gw lekker puhhh"
2023-04-06,08:47:25,00:00:59,"Directe link",Nee,Nee,Nee,Nee,Ja,Nee,Nee,Nee,Nee,Ja,Ja,Nee,Nee,Nee,Nee,neu
2023-04-06,08:47:24,00:01:11,"Directe link",Nee,Nee,Nee,Nee,Ja,Ja,Nee,Nee,Nee,Nee,Nee,Nee,Ja,Nee,Nee,"ja je mag zeker een huis dier hebben
"
2023-04-06,08:47:23,00:02:46,"Directe link",Nee,Ja,Ja,Nee,Ja,Ja,Nee,Nee,Ja,Nee,Ja,Ja,Nee,Nee,Ja,"Ja, want als je geen vrienden of familie hebt, heb je toch iemand in je nabeijheid"
2023-04-06,08:47:22,00:01:11,"Directe link",Nee,Nee,Nee,Nee,Ja,Ja,Nee,Nee,Nee,Nee,Nee,Nee,Ja,Nee,Nee,"ja tuurlijk waarom niet
"
2023-04-06,08:47:19,00:01:09,"Directe link",Nee,Nee,Nee,Nee,Ja,Ja,Nee,Nee,Nee,Nee,Nee,Nee,Ja,Nee,Nee,"ja
"
2023-04-06,08:47:16,00:01:01,"Directe link",Nee,Nee,Nee,Ja,Nee,Ja,Nee,Nee,Nee,Nee,Ja,Nee,Nee,Nee,Nee,"ja als je er vor kan zorgen wel"
2023-04-06,08:47:16,00:01:48,"Directe link",Nee,Nee,Nee,Nee,Ja,Ja,Nee,Nee,Nee,Nee,Nee,Nee,Nee,Ja,Nee,"ja als je er goed voor zorgt zodat hij zich fijn voelt"
2023-04-06,08:47:12,00:00:51,"Directe link",Ja,Nee,Nee,Nee,Nee,Ja,Nee,Nee,Nee,Nee,Nee,Ja,Nee,Nee,Nee,"nee want sommige mensen hebben weleens een dier dood gemaakt ofzo"
2023-04-06,08:47:12,00:01:22,"Directe link",Nee,Nee,Nee,Ja,Nee,Ja,Nee,Nee,Nee,Nee,Ja,Nee,Nee,Nee,Nee," "
2023-04-06,08:47:10,00:00:11,"Directe link",Nee,Nee,Nee,Nee,Ja,Nee,Nee,Nee,Nee,Ja,Nee,Nee,Nee,Nee,Ja,jatoch
2023-04-06,08:47:05,00:01:08,"Directe link",Nee,Nee,Nee,Nee,Ja,Ja,Nee,Nee,Nee,Nee,Ja,Nee,Nee,Nee,Nee,"ja, maar als je allergie hebt dan is het moeilijk."
2023-04-06,08:47:04,00:00:55,"Directe link",Nee,Ja,Nee,Nee,Nee,Nee,Ja,Nee,Nee,Nee,Nee,Nee,Ja,Nee,Nee,"nee als je geen huisdier wilt hebben. of je bent er allergie's voor"
2023-04-06,08:47:04,00:01:25,"Directe link",Nee,Nee,Nee,Nee,Ja,Nee,Ja,Nee,Nee,Nee,Nee,Ja,Nee,Nee,Nee,"ja "
2023-04-06,08:46:59,00:01:44,"Directe link",Nee,Nee,Nee,Nee,Ja,Ja,Nee,Nee,Nee,Nee,Nee,Ja,Nee,Nee,Nee,Ja
2023-04-06,08:46:56,00:01:20,"Directe link",Nee,Nee,Nee,Nee,Ja,Ja,Nee,Nee,Nee,Nee,Nee,Nee,Ja,Nee,Nee,"ja als het huis groot genoeg is voor het dier."
2023-04-06,08:46:55,00:00:43,"Directe link",Nee,Nee,Nee,Nee,Ja,Nee,Ja,Nee,Nee,Nee,Nee,Nee,Ja,Nee,Nee,jatoch
2023-04-06,08:46:53,00:01:56,"Directe link",Nee,Ja,Nee,Nee,Nee,Ja,Nee,Nee,Nee,Nee,Nee,Nee,Nee,Nee,Ja,"Alleen als degene goed voor het dier kan zorgen"
2023-04-06,08:46:53,00:05:03,"Directe link",Nee,Nee,Nee,Nee,Ja,Ja,Nee,Nee,Nee,Nee,Ja,Nee,Nee,Nee,Nee,"ja want als je er een wil mag at maar als je een dieren beul ben dan niet want dan doe je dieren pijn en dat mag niet ik vi d dus het het wel mag als je er vatsoenlijk mee om gaat maar as je dat niet doet moet je de dieren afstaan.Ook als je bijvoorbeeld gevarlijke dieren uit anderere landen die gevaarlijk zijn of makkelijk ontsnappen moet meilijkeer worden om te krijgen vind ik en de poliie moet beter op een dieren beul handhaven of ze een verbod op leggen zo dat ze geen dieren kunnen krijgen.."
2023-04-06,08:46:50,00:06:11,"Directe link",Nee,Nee,Nee,Nee,Ja,Ja,Nee,Nee,Nee,Nee,Nee,Nee,Nee,Nee,Ja,"Ja, mits je er goed voor kunt zorgen
"
2023-04-06,08:46:45,00:03:03,"Directe link",Ja,Nee,Nee,Nee,Nee,Ja,Nee,Nee,Nee,Nee,Ja,Nee,Nee,Nee,Nee,"we zijn het er mee eens, onder bepaalde voorwaarden"
2023-04-06,08:46:41,00:05:39,"Directe link",Nee,Ja,Nee,Nee,Nee,Ja,Nee,Nee,Nee,Nee,Nee,Nee,Ja,Nee,Ja,eens
2023-04-06,08:46:32,00:01:27,"Directe link",Nee,Nee,Nee,Ja,Nee,Nee,Ja,Nee,Nee,Nee,Ja,Nee,Nee,Nee,Nee,"ja waarom zou dat niet zo zijn ik bedoel als je het leuk vind danm"
2023-04-06,08:46:29,00:04:26,"Directe link",Nee,Nee,Ja,Nee,Nee,Ja,Nee,Nee,Nee,Nee,Nee,Ja,Nee,Nee,Nee,"Ja, als je er goed voor kunt zorgen."
2023-04-06,08:46:24,00:04:08,"Directe link",Nee,Nee,Nee,Ja,Nee,Ja,Nee,Nee,Nee,Nee,Nee,Ja,Nee,Nee,Nee,"Alleen als je hem goed behandeld."
2023-04-06,08:46:17,00:08:49,"Directe link",Nee,Nee,Nee,Nee,Ja,Ja,Nee,Nee,Nee,Nee,Nee,Nee,Ja,Nee,Nee,"ligt eraan als je genoeg geld hebt, ruimte en tijd"
2023-04-06,08:46:02,00:02:39,"Directe link",Nee,Nee,Nee,Nee,Ja,Ja,Nee,Nee,Nee,Nee,Nee,Nee,Ja,Nee,Nee,"Je moet er wel de tjjd voor nemen
Je moet wel lief zijn voor een dier (geen mishandeling, geen kleren aan)."
2023-04-06,08:46:01,00:04:47,"Directe link",Nee,Nee,Nee,Ja,Nee,Ja,Nee,Nee,Nee,Nee,Nee,Ja,Nee,Nee,Nee,"ik vind dat als jij het dier goed behandelt dat je best een dier mag hebben maar dan hoef je de dieren niet voor instagram of twitter te gebruiken en hem dan helemaal kleertjes aan doen want dat is niet fijn voor de hond en je moet het allebij fijn vinden."
2023-04-06,08:45:48,00:03:35,"Directe link",Nee,Nee,Nee,Nee,Ja,Ja,Nee,Nee,Nee,Nee,Nee,Ja,Nee,Nee,Nee,"ja, helpt tegen eenzaamheid en kan troosten.
nee, als je te weinig geld hebt of er niet voor kan zorgen."
2023-04-06,08:45:44,00:02:14,"Directe link",Ja,Nee,Nee,Ja,Nee,Ja,Ja,Nee,Nee,Ja,Ja,Nee,Nee,Nee,Nee,"de klas is er helemaal mee eens"
2023-04-06,08:45:26,00:02:09,"Directe link",Nee,Nee,Nee,Nee,Ja,Ja,Nee,Nee,Nee,Nee,Nee,Ja,Nee,Nee,Nee,"iedereen mag zelf kiezen"
2023-04-06,08:45:13,00:04:01,"Directe link",Nee,Nee,Ja,Nee,Nee,Ja,Nee,Nee,Nee,Nee,Nee,Nee,Nee,Ja,Nee,"Je hebt geld en de ruimte nodig om een huisdier te hebben"
2023-04-06,08:44:59,00:04:13,"Directe link",Nee,Nee,Nee,Nee,Ja,Ja,Nee,Nee,Nee,Nee,Nee,Ja,Nee,Nee,Nee,"Iedereen heeft het recht, maar niet voor iedereen is het handig."
2023-04-06,08:44:40,00:01:31,"Directe link",Nee,Nee,Nee,Nee,Ja,Ja,Nee,Nee,Nee,Nee,Nee,Nee,Nee,Nee,Ja,"Dat geldt alleen voor mensen, die ook goed voor het dier zullen zorgen!"
2023-04-06,08:44:37,00:02:17,"Directe link",Ja,Nee,Nee,Nee,Nee,Ja,Nee,Nee,Nee,Nee,Nee,Ja,Nee,Nee,Nee,"Nee, want je moet wel de tijd hebben voor een huisdier en het moet niet te druk worden thuis."
2023-04-06,08:44:09,00:01:25,"Directe link",Nee,Nee,Nee,Ja,Nee,Ja,Nee,Nee,Nee,Nee,Nee,Ja,Nee,Nee,Nee,"ja als je het wil"
2023-04-06,08:44:05,00:03:56,"Directe link",Nee,Nee,Nee,Nee,Ja,Ja,Nee,Nee,Nee,Nee,Nee,Nee,Ja,Nee,Nee,"Ja, als je er ook goed voor kan zorgen."
2023-04-06,08:44:00,00:01:28,"Directe link",Nee,Nee,Nee,Ja,Nee,Ja,Nee,Nee,Nee,Nee,Nee,Nee,Ja,Nee,Nee,"ja,behalve als hij/zij er niet goed voor kan zorgen"
2023-04-06,08:43:59,00:01:52,"Directe link",Nee,Nee,Nee,Nee,Ja,Ja,Nee,Nee,Nee,Nee,Nee,Nee,Ja,Nee,Nee,"als je het leuk vind dan mag je er een hebben, maar als je er voor alergisch bent dan hoef je er niet een het is een mening"
2023-04-06,08:43:46,00:04:05,"Directe link",Nee,Nee,Nee,Nee,Ja,Ja,Nee,Nee,Nee,Nee,Ja,Nee,Nee,Nee,Nee,"ja iedereen mits het goed verzorgd wordt"
2023-04-06,08:43:38,00:01:40,"Directe link",Nee,Nee,Nee,Ja,Nee,Ja,Nee,Nee,Nee,Nee,Nee,Ja,Nee,Nee,Nee,"Ja, want het is je eigen mening en je moet er zelf voor zorgen."
2023-04-06,08:43:35,00:00:43,"Directe link",Nee,Nee,Nee,Ja,Nee,Ja,Nee,Nee,Nee,Nee,Ja,Nee,Nee,Nee,Nee,"ik vind van wel"
2023-04-06,08:43:35,00:01:18,"Directe link",Nee,Nee,Nee,Ja,Nee,Ja,Nee,Nee,Nee,Nee,Nee,Ja,Nee,Nee,Nee,"ja want een huisdier is wel leuk om te hebben maar sommige mensen kunnen er niet voor zorgen en dan is het niet handig"
2023-04-06,08:43:34,00:02:12,"Directe link",Nee,Ja,Nee,Nee,Nee,Ja,Nee,Nee,Nee,Nee,Nee,Nee,Nee,Nee,Ja,"Ja, het is een recht voor iedereen."
2023-04-06,08:43:29,00:01:16,"Directe link",Nee,Nee,Nee,Ja,Nee,Ja,Nee,Nee,Nee,Nee,Ja,Nee,Nee,Nee,Nee,"ja want die geeft jij gezeldschap"
2023-04-06,08:43:28,00:01:02,"Directe link",Nee,Nee,Nee,Ja,Nee,Ja,Nee,Nee,Nee,Nee,Nee,Ja,Nee,Nee,Nee,"alleen als hij/zij er goed voor kan zorgen"
2023-04-06,08:43:11,00:01:04,"Directe link",Nee,Nee,Nee,Ja,Nee,Nee,Nee,Ja,Nee,Nee,Ja,Nee,Nee,Nee,Nee,"ja als je het kan betalen"
2023-04-06,08:43:05,00:00:56,"Directe link",Nee,Nee,Nee,Nee,Ja,Ja,Nee,Nee,Nee,Nee,Nee,Ja,Nee,Nee,Nee,"ja iedereen mag een huisdier maar diegene moet er zelf wel goed voor zorgen."
2023-04-06,08:42:58,00:03:41,"Directe link",Nee,Nee,Nee,Nee,Ja,Ja,Nee,Nee,Nee,Nee,Nee,Nee,Nee,Ja,Nee,"Iedereen zou een huisdier moeten kunnen hebben, maar ze moeten er wel voor kunnen zorgen. Ze moeten er tijd en plek voor hebben, geld voor hebben en het leuk vinden. Anders is het zielig. "
2023-04-06,08:42:44,00:01:38,"Directe link",Nee,Nee,Nee,Ja,Nee,Ja,Nee,Nee,Nee,Nee,Nee,Nee,Ja,Nee,Nee,"ja vind ik wel want het is toch een soort van goede vriend en als dat je ontnomen wordt vind ik een beetje raar dus ik vind dat iedereen recht heeft op een huisdier"
2023-04-06,08:42:34,00:01:30,"Directe link",Nee,Nee,Nee,Nee,Ja,Ja,Nee,Nee,Nee,Nee,Ja,Nee,Nee,Nee,Nee,"Ik vind het wel als je er maar voor kan zorgen. Als je bijvoorbeeld geen huis hebt of geen eten kan betalen voor het dier vind ik dat je het niat mag hebben omdat je er dan gewoon niet voor kan zorgen."
2023-04-06,08:42:29,00:01:29,"Directe link",Nee,Nee,Nee,Nee,Ja,Ja,Nee,Nee,Nee,Nee,Nee,Nee,Ja,Nee,Nee,"Ja als je dat graag wil en er goed voor kan zorgen"
2023-04-06,08:42:14,00:01:12,"Directe link",Nee,Nee,Nee,Ja,Ja,Ja,Nee,Nee,Nee,Nee,Nee,Nee,Ja,Nee,Nee,"ja als je hem maar goed verzorgt en hem niet mishandeld"
2023-04-06,08:42:01,00:03:30,"Directe link",Nee,Nee,Nee,Ja,Nee,Ja,Nee,Nee,Nee,Nee,Nee,Nee,Nee,Ja,Nee,nee
2023-04-06,08:41:58,00:02:43,"Directe link",Nee,Nee,Nee,Ja,Nee,Nee,Ja,Nee,Nee,Nee,Ja,Nee,Nee,Nee,Nee,"Eens, je bent minder eenzaam. Je moet er wel goed voor zorgen. "
2023-04-06,08:41:44,00:01:57,"Directe link",Nee,Nee,Nee,Nee,Ja,Ja,Nee,Nee,Nee,Nee,Nee,Nee,Nee,Nee,Ja,"alleen als je het dier goed kunt verzorgen"
2023-04-06,08:41:41,00:05:37,"Directe link",Nee,Nee,Nee,Ja,Ja,Ja,Ja,Nee,Nee,Nee,Nee,Ja,Nee,Ja,Nee,"ja, maar dan moet het dier wel goed verzorgd worden."
2023-04-06,08:41:33,00:04:42,"Directe link",Nee,Nee,Nee,Ja,Nee,Nee,Ja,Nee,Nee,Nee,Nee,Nee,Nee,Ja,Nee,"Ja, maar het ligt er aan wie het is."
2023-04-06,08:41:18,00:06:42,"Directe link",Nee,Nee,Nee,Ja,Nee,Ja,Nee,Nee,Nee,Nee,Nee,Ja,Nee,Nee,Nee,"Ja, als die dat wil."
2023-04-06,08:40:37,00:03:48,"Directe link",Nee,Nee,Nee,Nee,Ja,Ja,Nee,Nee,Nee,Nee,Nee,Ja,Nee,Nee,Nee,"nee, sommige mensen verzorgen de dieren niet goed of ze hebben er geen tijd of geld voor. Of ze eten de dieren zelfs op."
2023-04-06,08:40:21,00:02:22,"Directe link",Nee,Nee,Nee,Ja,Nee,Ja,Nee,Nee,Nee,Nee,Ja,Nee,Nee,Nee,Nee,"Huisdieren zijn cool dus iedereen heeft recht erop. Het fijnste is dat huisdieren je kunnen helpen ze voelen het als je boos/verdrietig bent."
2023-04-06,08:39:03,00:03:44,"Directe link",Nee,Nee,Nee,Nee,Ja,Ja,Ja,Nee,Nee,Nee,Nee,Nee,Nee,Nee,Ja,"Ja, alleen wanneer mensen er van tevoren heel goed over nagedacht hebben."
2023-04-06,08:37:22,00:04:16,"Directe link",Nee,Nee,Nee,Nee,Ja,Nee,Ja,Nee,Nee,Nee,Nee,Nee,Nee,Nee,Ja,"In principe wel maar niet alle mensen kunnen goed genoeg zorgen voor het dier. Dan kan het gewoon niet."
2023-04-06,08:37:07,00:01:20,"Directe link",Nee,Nee,Ja,Nee,Nee,Ja,Nee,Nee,Nee,Nee,Nee,Nee,Nee,Ja,Nee,"nee sommige mensen gaan slecht met dieren om dieren hebben ook rechten!"
2023-04-06,08:33:59,00:04:16,"Directe link",Nee,Nee,Nee,Nee,Ja,Ja,Nee,Nee,Nee,Nee,Nee,Nee,Nee,Ja,Nee,"* Minimaal 16 jaar of ouder (of toestemming van je ouders).
* Juiste leefomgeving.
* Misschien eerst komen checken/een certificaat hebben dat je kunt aantonen dat je goed voor een dier kunt zorgen."
2023-04-06,08:33:33,00:01:04,"Directe link",Nee,Nee,Nee,Nee,Ja,Ja,Nee,Nee,Nee,Nee,Nee,Ja,Nee,Nee,Nee,"Als je er maar goed voor zorgt!"
2023-04-06,08:31:09,00:01:46,"Directe link",Nee,Nee,Nee,Nee,Ja,Ja,Nee,Nee,Nee,Nee,Ja,Nee,Nee,Nee,Nee,Ja
2023-04-05,11:21:15,00:02:07,"Directe link",Nee,Nee,Nee,Ja,Nee,Ja,Nee,Nee,Nee,Nee,Nee,Nee,Ja,Nee,Nee,"Ja hoor, iedereen mag een huisdier hebben. Het is hartstikke gezellig in huis maar je moet wel goed voor het dier zorgen en het genoeg aandacht geven. Je kunt ook een vriendje voor het dier kopen als aandacht"
2023-04-05,08:47:39,00:00:47,"Directe link",Nee,Nee,Ja,Nee,Nee,Ja,Nee,Nee,Nee,Nee,Nee,Ja,Nee,Nee,Nee,"ja want iedereen kan wel gezelschap gebruiken"
2023-04-05,08:41:32,00:01:27,"Directe link",Nee,Nee,Nee,Nee,Ja,Ja,Nee,Nee,Nee,Nee,Nee,Ja,Nee,Nee,Nee,"Alleen als die persoon goed voor het dier is."
2023-04-05,08:06:23,00:01:53,"Directe link",Nee,Nee,Nee,Ja,Nee,Nee,Ja,Nee,Nee,Nee,Ja,Nee,Nee,Nee,Nee,"Alleen iemand die er goed voor zorgt"
